"","Assay.Type","AvgSpotLen","Bases","BioProject","BioSample","Bytes","Center.Name","Collection_Date","Consent","DATASTORE.filetype","DATASTORE.provider","DATASTORE.region","ENA.FIRST.PUBLIC..run.","ENA.FIRST.PUBLIC","ENA.LAST.UPDATE..run.","ENA.LAST.UPDATE","environment_biome","environment_feature","environment_material","Experiment","external_id","geo_loc_name_country","geo_loc_name_country_continent","geographic_location_.country_and.or_sea.","geographic_location_.latitude.","geographic_location_.longitude.","INSDC_center_name","INSDC_first_public","INSDC_last_update","INSDC_status","Instrument","investigation_type","Library.Name","LibraryLayout","LibrarySelection","LibrarySource","miscellaneous_environmental_package","Organism","Platform","project_name","ReleaseDate","create_date","version","Sample.Name","Sample_name","Scientific_Name","Sequencing_method","SRA.Study","Submitter_Id","names","denoisedF","denoisedR","merged","nochim","num_ASVs"
"ERR3141386","AMPLICON",502,99546098,"PRJEB31110","SAMEA5320046",62822225,"TEAGASC FOOD RESEARCH CENTRE","5/18/2016","public","fastq,run.zq,sra","ena,gs,ncbi,s3","ena,gs.us-east1,ncbi.public,s3.us-east-1","2/20/2019",2019-02-20 17:03:20,"2/10/2019",2019-02-06 12:31:37,"Food Processing","Dairy Processing","Bulk Tank Milk","ERX3170352","SAMEA5320046","Ireland","Europe","Ireland","52.1636? N","8.2629? W","TEAGASC FOOD RESEARCH CENTRE",2019-02-20 17:03:20,2019-02-06 12:31:37,"public","Illumina MiSeq","metagenome","Farm Milk to Milk Powder 16S","PAIRED","PCR","METAGENOMIC","miscellaneous natural or artificial environment","food metagenome","ILLUMINA","farm to powder",2019-02-21,2019-02-23 10:37:00,1,"SAMEA5320046","T1F1","food metagenome","Illumina MiSeq","ERP113625","T1F1","ERR3141386",112784,113612,99063,60993,794
"ERR3141387","AMPLICON",502,90531684,"PRJEB31110","SAMEA5320047",54410542,"TEAGASC FOOD RESEARCH CENTRE","5/18/2016","public","fastq,run.zq,sra","ena,gs,ncbi,s3","ena,gs.us-east1,ncbi.public,s3.us-east-1","2/20/2019",2019-02-20 17:03:20,"2/10/2019",2019-02-06 12:31:37,"Food Processing","Dairy Processing","Bulk Tank Milk","ERX3170353","SAMEA5320047","Ireland","Europe","Ireland","52.1636? N","8.2629? W","TEAGASC FOOD RESEARCH CENTRE",2019-02-20 17:03:20,2019-02-06 12:31:37,"public","Illumina MiSeq","metagenome","Farm Milk to Milk Powder 16S","PAIRED","PCR","METAGENOMIC","miscellaneous natural or artificial environment","food metagenome","ILLUMINA","farm to powder",2019-02-21,2019-02-23 10:37:00,1,"SAMEA5320047","T1F10","food metagenome","Illumina MiSeq","ERP113625","T1F10","ERR3141387",101592,102152,85110,47011,961
"ERR3141388","AMPLICON",502,211145718,"PRJEB31110","SAMEA5320048",129707696,"TEAGASC FOOD RESEARCH CENTRE","5/18/2016","public","fastq,run.zq,sra","ena,gs,ncbi,s3","ena,gs.us-east1,ncbi.public,s3.us-east-1","2/20/2019",2019-02-20 17:03:20,"2/10/2019",2019-02-06 12:31:37,"Food Processing","Dairy Processing","Bulk Tank Milk","ERX3170354","SAMEA5320048","Ireland","Europe","Ireland","52.1636? N","8.2629? W","TEAGASC FOOD RESEARCH CENTRE",2019-02-20 17:03:20,2019-02-06 12:31:37,"public","Illumina MiSeq","metagenome","Farm Milk to Milk Powder 16S","PAIRED","PCR","METAGENOMIC","miscellaneous natural or artificial environment","food metagenome","ILLUMINA","farm to powder",2019-02-21,2019-02-23 10:37:00,1,"SAMEA5320048","T1F11","food metagenome","Illumina MiSeq","ERP113625","T1F11","ERR3141388",269420,269937,249718,170431,841
"ERR3141389","AMPLICON",502,112309448,"PRJEB31110","SAMEA5320049",66426848,"TEAGASC FOOD RESEARCH CENTRE","5/18/2016","public","fastq,run.zq,sra","ena,gs,ncbi,s3","ena,gs.us-east1,ncbi.public,s3.us-east-1","2/20/2019",2019-02-20 17:03:20,"2/10/2019",2019-02-06 12:31:37,"Food Processing","Dairy Processing","Bulk Tank Milk","ERX3170355","SAMEA5320049","Ireland","Europe","Ireland","52.1636? N","8.2629? W","TEAGASC FOOD RESEARCH CENTRE",2019-02-20 17:03:20,2019-02-06 12:31:37,"public","Illumina MiSeq","metagenome","Farm Milk to Milk Powder 16S","PAIRED","PCR","METAGENOMIC","miscellaneous natural or artificial environment","food metagenome","ILLUMINA","farm to powder",2019-02-21,2019-02-23 10:37:00,1,"SAMEA5320049","T1F12","food metagenome","Illumina MiSeq","ERP113625","T1F12","ERR3141389",146380,146413,137732,109452,459
"ERR3141390","AMPLICON",502,127532598,"PRJEB31110","SAMEA5320050",79143820,"TEAGASC FOOD RESEARCH CENTRE","5/18/2016","public","fastq,run.zq,sra","ena,gs,ncbi,s3","ena,gs.us-east1,ncbi.public,s3.us-east-1","2/20/2019",2019-02-20 17:03:20,"2/10/2019",2019-02-06 12:31:37,"Food Processing","Dairy Processing","Bulk Tank Milk","ERX3170356","SAMEA5320050","Ireland","Europe","Ireland","52.1636? N","8.2629? W","TEAGASC FOOD RESEARCH CENTRE",2019-02-20 17:03:20,2019-02-06 12:31:37,"public","Illumina MiSeq","metagenome","Farm Milk to Milk Powder 16S","PAIRED","PCR","METAGENOMIC","miscellaneous natural or artificial environment","food metagenome","ILLUMINA","farm to powder",2019-02-21,2019-02-23 10:37:00,1,"SAMEA5320050","T1F13","food metagenome","Illumina MiSeq","ERP113625","T1F13","ERR3141390",154699,155175,142389,52547,626
"ERR3141391","AMPLICON",502,68124412,"PRJEB31110","SAMEA5320051",40072504,"TEAGASC FOOD RESEARCH CENTRE","5/18/2016","public","fastq,run.zq,sra","ena,gs,ncbi,s3","ena,gs.us-east1,ncbi.public,s3.us-east-1","2/20/2019",2019-02-20 17:03:20,"2/10/2019",2019-02-06 12:31:37,"Food Processing","Dairy Processing","Bulk Tank Milk","ERX3170357","SAMEA5320051","Ireland","Europe","Ireland","52.1636? N","8.2629? W","TEAGASC FOOD RESEARCH CENTRE",2019-02-20 17:03:20,2019-02-06 12:31:37,"public","Illumina MiSeq","metagenome","Farm Milk to Milk Powder 16S","PAIRED","PCR","METAGENOMIC","miscellaneous natural or artificial environment","food metagenome","ILLUMINA","farm to powder",2019-02-21,2019-02-23 10:37:00,1,"SAMEA5320051","T1F14","food metagenome","Illumina MiSeq","ERP113625","T1F14","ERR3141391",89399,89588,81453,63605,415
"ERR3141392","AMPLICON",502,98237384,"PRJEB31110","SAMEA5320052",59452636,"TEAGASC FOOD RESEARCH CENTRE","5/18/2016","public","fastq,run.zq,sra","ena,gs,ncbi,s3","ena,gs.us-east1,ncbi.public,s3.us-east-1","2/20/2019",2019-02-20 17:03:20,"2/10/2019",2019-02-06 12:31:37,"Food Processing","Dairy Processing","Bulk Tank Milk","ERX3170358","SAMEA5320052","Ireland","Europe","Ireland","52.1636? N","8.2629? W","TEAGASC FOOD RESEARCH CENTRE",2019-02-20 17:03:20,2019-02-06 12:31:37,"public","Illumina MiSeq","metagenome","Farm Milk to Milk Powder 16S","PAIRED","PCR","METAGENOMIC","miscellaneous natural or artificial environment","food metagenome","ILLUMINA","farm to powder",2019-02-21,2019-02-23 10:38:00,1,"SAMEA5320052","T1F15","food metagenome","Illumina MiSeq","ERP113625","T1F15","ERR3141392",128138,128320,119689,92251,502
"ERR3141393","AMPLICON",502,118307846,"PRJEB31110","SAMEA5320053",70260058,"TEAGASC FOOD RESEARCH CENTRE","5/18/2016","public","fastq,run.zq,sra","ena,gs,ncbi,s3","ena,gs.us-east1,ncbi.public,s3.us-east-1","2/20/2019",2019-02-20 17:03:20,"2/10/2019",2019-02-06 12:31:37,"Food Processing","Dairy Processing","Bulk Tank Milk","ERX3170359","SAMEA5320053","Ireland","Europe","Ireland","52.1636? N","8.2629? W","TEAGASC FOOD RESEARCH CENTRE",2019-02-20 17:03:20,2019-02-06 12:31:37,"public","Illumina MiSeq","metagenome","Farm Milk to Milk Powder 16S","PAIRED","PCR","METAGENOMIC","miscellaneous natural or artificial environment","food metagenome","ILLUMINA","farm to powder",2019-02-21,2019-02-23 10:37:00,1,"SAMEA5320053","T1F16","food metagenome","Illumina MiSeq","ERP113625","T1F16","ERR3141393",147316,148093,126303,82302,957
"ERR3141394","AMPLICON",502,242619612,"PRJEB31110","SAMEA5320054",150105879,"TEAGASC FOOD RESEARCH CENTRE","5/18/2016","public","fastq,run.zq,sra","ena,gs,ncbi,s3","ena,gs.us-east1,ncbi.public,s3.us-east-1","2/20/2019",2019-02-20 17:03:20,"2/10/2019",2019-02-06 12:31:37,"Food Processing","Dairy Processing","Bulk Tank Milk","ERX3170360","SAMEA5320054","Ireland","Europe","Ireland","52.1636? N","8.2629? W","TEAGASC FOOD RESEARCH CENTRE",2019-02-20 17:03:20,2019-02-06 12:31:37,"public","Illumina MiSeq","metagenome","Farm Milk to Milk Powder 16S","PAIRED","PCR","METAGENOMIC","miscellaneous natural or artificial environment","food metagenome","ILLUMINA","farm to powder",2019-02-21,2019-02-23 10:37:00,1,"SAMEA5320054","T1F17","food metagenome","Illumina MiSeq","ERP113625","T1F17","ERR3141394",295793,297133,263087,127948,1834
"ERR3141395","AMPLICON",502,112240674,"PRJEB31110","SAMEA5320055",66735336,"TEAGASC FOOD RESEARCH CENTRE","5/18/2016","public","fastq,run.zq,sra","ena,gs,ncbi,s3","ena,gs.us-east1,ncbi.public,s3.us-east-1","2/20/2019",2019-02-20 17:03:20,"2/10/2019",2019-02-06 12:31:37,"Food Processing","Dairy Processing","Bulk Tank Milk","ERX3170361","SAMEA5320055","Ireland","Europe","Ireland","52.1636? N","8.2629? W","TEAGASC FOOD RESEARCH CENTRE",2019-02-20 17:03:20,2019-02-06 12:31:37,"public","Illumina MiSeq","metagenome","Farm Milk to Milk Powder 16S","PAIRED","PCR","METAGENOMIC","miscellaneous natural or artificial environment","food metagenome","ILLUMINA","farm to powder",2019-02-21,2019-02-23 10:37:00,1,"SAMEA5320055","T1F18","food metagenome","Illumina MiSeq","ERP113625","T1F18","ERR3141395",138805,139409,118753,71134,1218
"ERR3141396","AMPLICON",502,164379398,"PRJEB31110","SAMEA5320056",100852193,"TEAGASC FOOD RESEARCH CENTRE","5/18/2016","public","fastq,run.zq,sra","ena,gs,ncbi,s3","ena,gs.us-east1,ncbi.public,s3.us-east-1","2/20/2019",2019-02-20 17:03:20,"2/10/2019",2019-02-06 12:31:37,"Food Processing","Dairy Processing","Bulk Tank Milk","ERX3170362","SAMEA5320056","Ireland","Europe","Ireland","52.1636? N","8.2629? W","TEAGASC FOOD RESEARCH CENTRE",2019-02-20 17:03:20,2019-02-06 12:31:37,"public","Illumina MiSeq","metagenome","Farm Milk to Milk Powder 16S","PAIRED","PCR","METAGENOMIC","miscellaneous natural or artificial environment","food metagenome","ILLUMINA","farm to powder",2019-02-21,2019-02-23 10:38:00,1,"SAMEA5320056","T1F19","food metagenome","Illumina MiSeq","ERP113625","T1F19","ERR3141396",207697,208474,184196,102673,1197
"ERR3141397","AMPLICON",502,42412474,"PRJEB31110","SAMEA5320057",25596628,"TEAGASC FOOD RESEARCH CENTRE","5/18/2016","public","fastq,run.zq,sra","ena,gs,ncbi,s3","ena,gs.us-east1,ncbi.public,s3.us-east-1","2/20/2019",2019-02-20 17:03:20,"2/10/2019",2019-02-06 12:31:37,"Food Processing","Dairy Processing","Bulk Tank Milk","ERX3170363","SAMEA5320057","Ireland","Europe","Ireland","52.1636? N","8.2629? W","TEAGASC FOOD RESEARCH CENTRE",2019-02-20 17:03:20,2019-02-06 12:31:37,"public","Illumina MiSeq","metagenome","Farm Milk to Milk Powder 16S","PAIRED","PCR","METAGENOMIC","miscellaneous natural or artificial environment","food metagenome","ILLUMINA","farm to powder",2019-02-21,2019-02-23 10:38:00,1,"SAMEA5320057","T1F2","food metagenome","Illumina MiSeq","ERP113625","T1F2","ERR3141397",49206,49135,45609,37769,232
"ERR3141398","AMPLICON",502,121306292,"PRJEB31110","SAMEA5320058",72384906,"TEAGASC FOOD RESEARCH CENTRE","5/18/2016","public","fastq,run.zq,sra","ena,gs,ncbi,s3","ena,gs.us-east1,ncbi.public,s3.us-east-1","2/20/2019",2019-02-20 17:03:20,"2/10/2019",2019-02-06 12:31:37,"Food Processing","Dairy Processing","Bulk Tank Milk","ERX3170364","SAMEA5320058","Ireland","Europe","Ireland","52.1636? N","8.2629? W","TEAGASC FOOD RESEARCH CENTRE",2019-02-20 17:03:20,2019-02-06 12:31:37,"public","Illumina MiSeq","metagenome","Farm Milk to Milk Powder 16S","PAIRED","PCR","METAGENOMIC","miscellaneous natural or artificial environment","food metagenome","ILLUMINA","farm to powder",2019-02-21,2019-02-23 10:38:00,1,"SAMEA5320058","T1F20","food metagenome","Illumina MiSeq","ERP113625","T1F20","ERR3141398",149944,150198,132337,75616,930
"ERR3141399","AMPLICON",502,77253282,"PRJEB31110","SAMEA5320059",50108855,"TEAGASC FOOD RESEARCH CENTRE","5/18/2016","public","fastq,run.zq,sra","ena,gs,ncbi,s3","ena,gs.us-east1,ncbi.public,s3.us-east-1","2/20/2019",2019-02-20 17:03:20,"2/10/2019",2019-02-06 12:31:37,"Food Processing","Dairy Processing","Bulk Tank Milk","ERX3170365","SAMEA5320059","Ireland","Europe","Ireland","52.1636? N","8.2629? W","TEAGASC FOOD RESEARCH CENTRE",2019-02-20 17:03:20,2019-02-06 12:31:37,"public","Illumina MiSeq","metagenome","Farm Milk to Milk Powder 16S","PAIRED","PCR","METAGENOMIC","miscellaneous natural or artificial environment","food metagenome","ILLUMINA","farm to powder",2019-02-21,2019-02-23 10:38:00,1,"SAMEA5320059","T1F21","food metagenome","Illumina MiSeq","ERP113625","T1F21","ERR3141399",76207,76369,65904,46036,513
"ERR3141400","AMPLICON",502,72144428,"PRJEB31110","SAMEA5320060",44230360,"TEAGASC FOOD RESEARCH CENTRE","5/18/2016","public","fastq,run.zq,sra","ena,gs,ncbi,s3","ena,gs.us-east1,ncbi.public,s3.us-east-1","2/20/2019",2019-02-20 17:03:20,"2/10/2019",2019-02-06 12:31:37,"Food Processing","Dairy Processing","Bulk Tank Milk","ERX3170366","SAMEA5320060","Ireland","Europe","Ireland","52.1636? N","8.2629? W","TEAGASC FOOD RESEARCH CENTRE",2019-02-20 17:03:20,2019-02-06 12:31:37,"public","Illumina MiSeq","metagenome","Farm Milk to Milk Powder 16S","PAIRED","PCR","METAGENOMIC","miscellaneous natural or artificial environment","food metagenome","ILLUMINA","farm to powder",2019-02-21,2019-02-23 10:38:00,1,"SAMEA5320060","T1F22","food metagenome","Illumina MiSeq","ERP113625","T1F22","ERR3141400",73625,73265,63361,32660,423
"ERR3141401","AMPLICON",502,60742502,"PRJEB31110","SAMEA5320061",38836629,"TEAGASC FOOD RESEARCH CENTRE","5/18/2016","public","fastq,run.zq,sra","ena,gs,ncbi,s3","ena,gs.us-east1,ncbi.public,s3.us-east-1","2/20/2019",2019-02-20 17:03:20,"2/10/2019",2019-02-06 12:31:37,"Food Processing","Dairy Processing","Bulk Tank Milk","ERX3170367","SAMEA5320061","Ireland","Europe","Ireland","52.1636? N","8.2629? W","TEAGASC FOOD RESEARCH CENTRE",2019-02-20 17:03:20,2019-02-06 12:31:37,"public","Illumina MiSeq","metagenome","Farm Milk to Milk Powder 16S","PAIRED","PCR","METAGENOMIC","miscellaneous natural or artificial environment","food metagenome","ILLUMINA","farm to powder",2019-02-21,2019-02-23 10:38:00,1,"SAMEA5320061","T1F23","food metagenome","Illumina MiSeq","ERP113625","T1F23","ERR3141401",62525,62612,58435,44020,113
"ERR3141402","AMPLICON",502,60541200,"PRJEB31110","SAMEA5320062",37208498,"TEAGASC FOOD RESEARCH CENTRE","5/18/2016","public","fastq,run.zq,sra","ena,gs,ncbi,s3","ena,gs.us-east1,ncbi.public,s3.us-east-1","2/20/2019",2019-02-20 17:03:20,"2/10/2019",2019-02-06 12:31:37,"Food Processing","Dairy Processing","Bulk Tank Milk","ERX3170368","SAMEA5320062","Ireland","Europe","Ireland","52.1636? N","8.2629? W","TEAGASC FOOD RESEARCH CENTRE",2019-02-20 17:03:20,2019-02-06 12:31:37,"public","Illumina MiSeq","metagenome","Farm Milk to Milk Powder 16S","PAIRED","PCR","METAGENOMIC","miscellaneous natural or artificial environment","food metagenome","ILLUMINA","farm to powder",2019-02-21,2019-02-23 10:38:00,1,"SAMEA5320062","T1F24","food metagenome","Illumina MiSeq","ERP113625","T1F24","ERR3141402",61103,61055,50225,24637,432
"ERR3141403","AMPLICON",502,65366926,"PRJEB31110","SAMEA5320063",42056047,"TEAGASC FOOD RESEARCH CENTRE","5/18/2016","public","fastq,run.zq,sra","ena,gs,ncbi,s3","ena,gs.us-east1,ncbi.public,s3.us-east-1","2/20/2019",2019-02-20 17:03:20,"2/10/2019",2019-02-06 12:31:37,"Food Processing","Dairy Processing","Bulk Tank Milk","ERX3170369","SAMEA5320063","Ireland","Europe","Ireland","52.1636? N","8.2629? W","TEAGASC FOOD RESEARCH CENTRE",2019-02-20 17:03:20,2019-02-06 12:31:37,"public","Illumina MiSeq","metagenome","Farm Milk to Milk Powder 16S","PAIRED","PCR","METAGENOMIC","miscellaneous natural or artificial environment","food metagenome","ILLUMINA","farm to powder",2019-02-21,2019-02-23 10:38:00,1,"SAMEA5320063","T1F25","food metagenome","Illumina MiSeq","ERP113625","T1F25","ERR3141403",66085,66267,56551,39181,464
"ERR3141404","AMPLICON",502,45146868,"PRJEB31110","SAMEA5320064",27455492,"TEAGASC FOOD RESEARCH CENTRE","5/18/2016","public","fastq,run.zq,sra","ena,gs,ncbi,s3","ena,gs.us-east1,ncbi.public,s3.us-east-1","2/20/2019",2019-02-20 17:03:20,"2/10/2019",2019-02-06 12:31:37,"Food Processing","Dairy Processing","Bulk Tank Milk","ERX3170370","SAMEA5320064","Ireland","Europe","Ireland","52.1636? N","8.2629? W","TEAGASC FOOD RESEARCH CENTRE",2019-02-20 17:03:20,2019-02-06 12:31:37,"public","Illumina MiSeq","metagenome","Farm Milk to Milk Powder 16S","PAIRED","PCR","METAGENOMIC","miscellaneous natural or artificial environment","food metagenome","ILLUMINA","farm to powder",2019-02-21,2019-02-23 10:38:00,1,"SAMEA5320064","T1F26","food metagenome","Illumina MiSeq","ERP113625","T1F26","ERR3141404",48527,48133,44054,31189,200
"ERR3141405","AMPLICON",502,145958508,"PRJEB31110","SAMEA5320065",91443282,"TEAGASC FOOD RESEARCH CENTRE","5/18/2016","public","fastq,run.zq,sra","ena,gs,ncbi,s3","ena,gs.us-east1,ncbi.public,s3.us-east-1","2/20/2019",2019-02-20 17:03:20,"2/10/2019",2019-02-06 12:31:37,"Food Processing","Dairy Processing","Bulk Tank Milk","ERX3170371","SAMEA5320065","Ireland","Europe","Ireland","52.1636? N","8.2629? W","TEAGASC FOOD RESEARCH CENTRE",2019-02-20 17:03:20,2019-02-06 12:31:37,"public","Illumina MiSeq","metagenome","Farm Milk to Milk Powder 16S","PAIRED","PCR","METAGENOMIC","miscellaneous natural or artificial environment","food metagenome","ILLUMINA","farm to powder",2019-02-21,2019-02-23 10:39:00,1,"SAMEA5320065","T1F27","food metagenome","Illumina MiSeq","ERP113625","T1F27","ERR3141405",172960,173311,158685,73104,710
"ERR3141406","AMPLICON",502,124657644,"PRJEB31110","SAMEA5320066",74237660,"TEAGASC FOOD RESEARCH CENTRE","5/18/2016","public","fastq,run.zq,sra","ena,gs,ncbi,s3","ena,gs.us-east1,ncbi.public,s3.us-east-1","2/20/2019",2019-02-20 17:03:20,"2/10/2019",2019-02-06 12:31:37,"Food Processing","Dairy Processing","Bulk Tank Milk","ERX3170372","SAMEA5320066","Ireland","Europe","Ireland","52.1636? N","8.2629? W","TEAGASC FOOD RESEARCH CENTRE",2019-02-20 17:03:20,2019-02-06 12:31:37,"public","Illumina MiSeq","metagenome","Farm Milk to Milk Powder 16S","PAIRED","PCR","METAGENOMIC","miscellaneous natural or artificial environment","food metagenome","ILLUMINA","farm to powder",2019-02-21,2019-02-23 10:38:00,1,"SAMEA5320066","T1F28","food metagenome","Illumina MiSeq","ERP113625","T1F28","ERR3141406",147736,149138,125527,59718,1146
"ERR3141407","AMPLICON",502,163307628,"PRJEB31110","SAMEA5320067",101915575,"TEAGASC FOOD RESEARCH CENTRE","5/18/2016","public","fastq,run.zq,sra","ena,gs,ncbi,s3","ena,gs.us-east1,ncbi.public,s3.us-east-1","2/20/2019",2019-02-20 17:03:20,"2/10/2019",2019-02-06 12:31:37,"Food Processing","Dairy Processing","Bulk Tank Milk","ERX3170373","SAMEA5320067","Ireland","Europe","Ireland","52.1636? N","8.2629? W","TEAGASC FOOD RESEARCH CENTRE",2019-02-20 17:03:20,2019-02-06 12:31:37,"public","Illumina MiSeq","metagenome","Farm Milk to Milk Powder 16S","PAIRED","PCR","METAGENOMIC","miscellaneous natural or artificial environment","food metagenome","ILLUMINA","farm to powder",2019-02-21,2019-02-23 10:39:00,1,"SAMEA5320067","T1F29","food metagenome","Illumina MiSeq","ERP113625","T1F29","ERR3141407",189370,191325,160063,98154,1527
"ERR3141408","AMPLICON",502,65790614,"PRJEB31110","SAMEA5320068",39482659,"TEAGASC FOOD RESEARCH CENTRE","5/18/2016","public","fastq,run.zq,sra","ena,gs,ncbi,s3","ena,gs.us-east1,ncbi.public,s3.us-east-1","2/20/2019",2019-02-20 17:03:20,"2/10/2019",2019-02-06 12:31:37,"Food Processing","Dairy Processing","Bulk Tank Milk","ERX3170374","SAMEA5320068","Ireland","Europe","Ireland","52.1636? N","8.2629? W","TEAGASC FOOD RESEARCH CENTRE",2019-02-20 17:03:20,2019-02-06 12:31:37,"public","Illumina MiSeq","metagenome","Farm Milk to Milk Powder 16S","PAIRED","PCR","METAGENOMIC","miscellaneous natural or artificial environment","food metagenome","ILLUMINA","farm to powder",2019-02-21,2019-02-23 10:38:00,1,"SAMEA5320068","T1F3","food metagenome","Illumina MiSeq","ERP113625","T1F3","ERR3141408",73885,74113,63025,40988,488
"ERR3141409","AMPLICON",502,206215576,"PRJEB31110","SAMEA5320069",129307447,"TEAGASC FOOD RESEARCH CENTRE","5/18/2016","public","fastq,run.zq,sra","ena,gs,ncbi,s3","ena,gs.us-east1,ncbi.public,s3.us-east-1","2/20/2019",2019-02-20 17:03:20,"2/10/2019",2019-02-06 12:31:37,"Food Processing","Dairy Processing","Bulk Tank Milk","ERX3170375","SAMEA5320069","Ireland","Europe","Ireland","52.1636? N","8.2629? W","TEAGASC FOOD RESEARCH CENTRE",2019-02-20 17:03:20,2019-02-06 12:31:37,"public","Illumina MiSeq","metagenome","Farm Milk to Milk Powder 16S","PAIRED","PCR","METAGENOMIC","miscellaneous natural or artificial environment","food metagenome","ILLUMINA","farm to powder",2019-02-21,2019-02-23 10:39:00,1,"SAMEA5320069","T1F30","food metagenome","Illumina MiSeq","ERP113625","T1F30","ERR3141409",184844,185735,160209,103786,810
"ERR3141410","AMPLICON",502,151089952,"PRJEB31110","SAMEA5320070",95391183,"TEAGASC FOOD RESEARCH CENTRE","5/18/2016","public","fastq,run.zq,sra","ena,gs,ncbi,s3","ena,gs.us-east1,ncbi.public,s3.us-east-1","2/20/2019",2019-02-20 17:03:20,"2/10/2019",2019-02-06 12:31:37,"Food Processing","Dairy Processing","Bulk Tank Milk","ERX3170376","SAMEA5320070","Ireland","Europe","Ireland","52.1636? N","8.2629? W","TEAGASC FOOD RESEARCH CENTRE",2019-02-20 17:03:20,2019-02-06 12:31:37,"public","Illumina MiSeq","metagenome","Farm Milk to Milk Powder 16S","PAIRED","PCR","METAGENOMIC","miscellaneous natural or artificial environment","food metagenome","ILLUMINA","farm to powder",2019-02-21,2019-02-23 10:39:00,1,"SAMEA5320070","T1F31","food metagenome","Illumina MiSeq","ERP113625","T1F31","ERR3141410",175581,175871,157383,105554,1048
"ERR3141411","AMPLICON",502,112823496,"PRJEB31110","SAMEA5320071",66518299,"TEAGASC FOOD RESEARCH CENTRE","5/18/2016","public","fastq,run.zq,sra","ena,gs,ncbi,s3","ena,gs.us-east1,ncbi.public,s3.us-east-1","2/20/2019",2019-02-20 17:03:20,"2/10/2019",2019-02-06 12:31:37,"Food Processing","Dairy Processing","Bulk Tank Milk","ERX3170377","SAMEA5320071","Ireland","Europe","Ireland","52.1636? N","8.2629? W","TEAGASC FOOD RESEARCH CENTRE",2019-02-20 17:03:20,2019-02-06 12:31:37,"public","Illumina MiSeq","metagenome","Farm Milk to Milk Powder 16S","PAIRED","PCR","METAGENOMIC","miscellaneous natural or artificial environment","food metagenome","ILLUMINA","farm to powder",2019-02-21,2019-02-23 10:39:00,1,"SAMEA5320071","T1F32","food metagenome","Illumina MiSeq","ERP113625","T1F32","ERR3141411",140201,141098,119342,74247,911
"ERR3141412","AMPLICON",502,95800174,"PRJEB31110","SAMEA5320072",60529358,"TEAGASC FOOD RESEARCH CENTRE","5/18/2016","public","fastq,run.zq,sra","ena,gs,ncbi,s3","ena,gs.us-east1,ncbi.public,s3.us-east-1","2/20/2019",2019-02-20 17:03:20,"2/10/2019",2019-02-06 12:31:37,"Food Processing","Dairy Processing","Bulk Tank Milk","ERX3170378","SAMEA5320072","Ireland","Europe","Ireland","52.1636? N","8.2629? W","TEAGASC FOOD RESEARCH CENTRE",2019-02-20 17:03:20,2019-02-06 12:31:37,"public","Illumina MiSeq","metagenome","Farm Milk to Milk Powder 16S","PAIRED","PCR","METAGENOMIC","miscellaneous natural or artificial environment","food metagenome","ILLUMINA","farm to powder",2019-02-21,2019-02-23 10:39:00,1,"SAMEA5320072","T1F33","food metagenome","Illumina MiSeq","ERP113625","T1F33","ERR3141412",106218,106501,94377,54866,663
"ERR3141413","AMPLICON",502,72568116,"PRJEB31110","SAMEA5320073",43893813,"TEAGASC FOOD RESEARCH CENTRE","5/18/2016","public","fastq,run.zq,sra","ena,gs,ncbi,s3","ena,gs.us-east1,ncbi.public,s3.us-east-1","2/20/2019",2019-02-20 17:03:20,"2/10/2019",2019-02-06 12:31:37,"Food Processing","Dairy Processing","Bulk Tank Milk","ERX3170379","SAMEA5320073","Ireland","Europe","Ireland","52.1636? N","8.2629? W","TEAGASC FOOD RESEARCH CENTRE",2019-02-20 17:03:20,2019-02-06 12:31:37,"public","Illumina MiSeq","metagenome","Farm Milk to Milk Powder 16S","PAIRED","PCR","METAGENOMIC","miscellaneous natural or artificial environment","food metagenome","ILLUMINA","farm to powder",2019-02-21,2019-02-23 10:39:00,1,"SAMEA5320073","T1F34","food metagenome","Illumina MiSeq","ERP113625","T1F34","ERR3141413",78056,78053,64988,29556,540
"ERR3141414","AMPLICON",502,75728206,"PRJEB31110","SAMEA5320074",47217687,"TEAGASC FOOD RESEARCH CENTRE","5/18/2016","public","fastq,run.zq,sra","ena,gs,ncbi,s3","ena,gs.us-east1,ncbi.public,s3.us-east-1","2/20/2019",2019-02-20 17:03:20,"2/10/2019",2019-02-06 12:31:37,"Food Processing","Dairy Processing","Bulk Tank Milk","ERX3170380","SAMEA5320074","Ireland","Europe","Ireland","52.1636? N","8.2629? W","TEAGASC FOOD RESEARCH CENTRE",2019-02-20 17:03:20,2019-02-06 12:31:37,"public","Illumina MiSeq","metagenome","Farm Milk to Milk Powder 16S","PAIRED","PCR","METAGENOMIC","miscellaneous natural or artificial environment","food metagenome","ILLUMINA","farm to powder",2019-02-21,2019-02-23 10:39:00,1,"SAMEA5320074","T1F35","food metagenome","Illumina MiSeq","ERP113625","T1F35","ERR3141414",86044,86782,70849,43353,914
"ERR3141415","AMPLICON",502,47893310,"PRJEB31110","SAMEA5320075",28817166,"TEAGASC FOOD RESEARCH CENTRE","5/18/2016","public","fastq,run.zq,sra","ena,gs,ncbi,s3","ena,gs.us-east1,ncbi.public,s3.us-east-1","2/20/2019",2019-02-20 17:03:20,"2/10/2019",2019-02-06 12:31:37,"Food Processing","Dairy Processing","Bulk Tank Milk","ERX3170381","SAMEA5320075","Ireland","Europe","Ireland","52.1636? N","8.2629? W","TEAGASC FOOD RESEARCH CENTRE",2019-02-20 17:03:20,2019-02-06 12:31:37,"public","Illumina MiSeq","metagenome","Farm Milk to Milk Powder 16S","PAIRED","PCR","METAGENOMIC","miscellaneous natural or artificial environment","food metagenome","ILLUMINA","farm to powder",2019-02-21,2019-02-23 10:39:00,1,"SAMEA5320075","T1F36","food metagenome","Illumina MiSeq","ERP113625","T1F36","ERR3141415",51714,52010,42756,25328,418
"ERR3141416","AMPLICON",502,83569446,"PRJEB31110","SAMEA5320076",52719866,"TEAGASC FOOD RESEARCH CENTRE","5/18/2016","public","fastq,run.zq,sra","ena,gs,ncbi,s3","ena,gs.us-east1,ncbi.public,s3.us-east-1","2/20/2019",2019-02-20 17:03:20,"2/10/2019",2019-02-06 12:31:37,"Food Processing","Dairy Processing","Bulk Tank Milk","ERX3170382","SAMEA5320076","Ireland","Europe","Ireland","52.1636? N","8.2629? W","TEAGASC FOOD RESEARCH CENTRE",2019-02-20 17:03:20,2019-02-06 12:31:37,"public","Illumina MiSeq","metagenome","Farm Milk to Milk Powder 16S","PAIRED","PCR","METAGENOMIC","miscellaneous natural or artificial environment","food metagenome","ILLUMINA","farm to powder",2019-02-21,2019-02-23 10:40:00,1,"SAMEA5320076","T1F37","food metagenome","Illumina MiSeq","ERP113625","T1F37","ERR3141416",91462,92447,74623,37555,994
"ERR3141417","AMPLICON",502,78177464,"PRJEB31110","SAMEA5320077",46451400,"TEAGASC FOOD RESEARCH CENTRE","5/18/2016","public","fastq,run.zq,sra","ena,gs,ncbi,s3","ena,gs.us-east1,ncbi.public,s3.us-east-1","2/20/2019",2019-02-20 17:03:20,"2/10/2019",2019-02-06 12:31:37,"Food Processing","Dairy Processing","Bulk Tank Milk","ERX3170383","SAMEA5320077","Ireland","Europe","Ireland","52.1636? N","8.2629? W","TEAGASC FOOD RESEARCH CENTRE",2019-02-20 17:03:20,2019-02-06 12:31:37,"public","Illumina MiSeq","metagenome","Farm Milk to Milk Powder 16S","PAIRED","PCR","METAGENOMIC","miscellaneous natural or artificial environment","food metagenome","ILLUMINA","farm to powder",2019-02-21,2019-02-23 10:39:00,1,"SAMEA5320077","T1F38","food metagenome","Illumina MiSeq","ERP113625","T1F38","ERR3141417",94674,94915,86133,63427,405
"ERR3141418","AMPLICON",502,112018288,"PRJEB31110","SAMEA5320078",68512685,"TEAGASC FOOD RESEARCH CENTRE","5/18/2016","public","fastq,run.zq,sra","ena,gs,ncbi,s3","ena,gs.us-east1,ncbi.public,s3.us-east-1","2/20/2019",2019-02-20 17:03:20,"2/10/2019",2019-02-06 12:31:37,"Food Processing","Dairy Processing","Bulk Tank Milk","ERX3170384","SAMEA5320078","Ireland","Europe","Ireland","52.1636? N","8.2629? W","TEAGASC FOOD RESEARCH CENTRE",2019-02-20 17:03:20,2019-02-06 12:31:37,"public","Illumina MiSeq","metagenome","Farm Milk to Milk Powder 16S","PAIRED","PCR","METAGENOMIC","miscellaneous natural or artificial environment","food metagenome","ILLUMINA","farm to powder",2019-02-21,2019-02-23 10:39:00,1,"SAMEA5320078","T1F39","food metagenome","Illumina MiSeq","ERP113625","T1F39","ERR3141418",144692,144751,137487,111054,362
"ERR3141419","AMPLICON",502,127092846,"PRJEB31110","SAMEA5320079",80678252,"TEAGASC FOOD RESEARCH CENTRE","5/18/2016","public","fastq,run.zq,sra","ena,gs,ncbi,s3","ena,gs.us-east1,ncbi.public,s3.us-east-1","2/20/2019",2019-02-20 17:03:20,"2/10/2019",2019-02-06 12:31:37,"Food Processing","Dairy Processing","Bulk Tank Milk","ERX3170385","SAMEA5320079","Ireland","Europe","Ireland","52.1636? N","8.2629? W","TEAGASC FOOD RESEARCH CENTRE",2019-02-20 17:03:20,2019-02-06 12:31:37,"public","Illumina MiSeq","metagenome","Farm Milk to Milk Powder 16S","PAIRED","PCR","METAGENOMIC","miscellaneous natural or artificial environment","food metagenome","ILLUMINA","farm to powder",2019-02-21,2019-02-23 10:39:00,1,"SAMEA5320079","T1F4","food metagenome","Illumina MiSeq","ERP113625","T1F4","ERR3141419",135484,136041,120353,83581,787
"ERR3141420","AMPLICON",502,95012536,"PRJEB31110","SAMEA5320080",59379676,"TEAGASC FOOD RESEARCH CENTRE","5/18/2016","public","fastq,run.zq,sra","ena,gs,ncbi,s3","ena,gs.us-east1,ncbi.public,s3.us-east-1","2/20/2019",2019-02-20 17:03:20,"2/10/2019",2019-02-06 12:31:37,"Food Processing","Dairy Processing","Bulk Tank Milk","ERX3170386","SAMEA5320080","Ireland","Europe","Ireland","52.1636? N","8.2629? W","TEAGASC FOOD RESEARCH CENTRE",2019-02-20 17:03:20,2019-02-06 12:31:37,"public","Illumina MiSeq","metagenome","Farm Milk to Milk Powder 16S","PAIRED","PCR","METAGENOMIC","miscellaneous natural or artificial environment","food metagenome","ILLUMINA","farm to powder",2019-02-21,2019-02-23 10:39:00,1,"SAMEA5320080","T1F40","food metagenome","Illumina MiSeq","ERP113625","T1F40","ERR3141420",95927,95940,82036,39098,655
"ERR3141421","AMPLICON",502,52914314,"PRJEB31110","SAMEA5320081",31098612,"TEAGASC FOOD RESEARCH CENTRE","5/18/2016","public","fastq,run.zq,sra","ena,gs,ncbi,s3","ena,gs.us-east1,ncbi.public,s3.us-east-1","2/20/2019",2019-02-20 17:03:20,"2/10/2019",2019-02-06 12:31:37,"Food Processing","Dairy Processing","Bulk Tank Milk","ERX3170387","SAMEA5320081","Ireland","Europe","Ireland","52.1636? N","8.2629? W","TEAGASC FOOD RESEARCH CENTRE",2019-02-20 17:03:20,2019-02-06 12:31:37,"public","Illumina MiSeq","metagenome","Farm Milk to Milk Powder 16S","PAIRED","PCR","METAGENOMIC","miscellaneous natural or artificial environment","food metagenome","ILLUMINA","farm to powder",2019-02-21,2019-02-23 10:39:00,1,"SAMEA5320081","T1F41","food metagenome","Illumina MiSeq","ERP113625","T1F41","ERR3141421",73280,73164,69725,55928,136
"ERR3141422","AMPLICON",502,69591256,"PRJEB31110","SAMEA5320082",41445831,"TEAGASC FOOD RESEARCH CENTRE","5/18/2016","public","fastq,run.zq,sra","ena,gs,ncbi,s3","ena,gs.us-east1,ncbi.public,s3.us-east-1","2/20/2019",2019-02-20 17:03:20,"2/10/2019",2019-02-06 12:31:37,"Food Processing","Dairy Processing","Bulk Tank Milk","ERX3170388","SAMEA5320082","Ireland","Europe","Ireland","52.1636? N","8.2629? W","TEAGASC FOOD RESEARCH CENTRE",2019-02-20 17:03:20,2019-02-06 12:31:37,"public","Illumina MiSeq","metagenome","Farm Milk to Milk Powder 16S","PAIRED","PCR","METAGENOMIC","miscellaneous natural or artificial environment","food metagenome","ILLUMINA","farm to powder",2019-02-21,2019-02-23 10:40:00,1,"SAMEA5320082","T1F42","food metagenome","Illumina MiSeq","ERP113625","T1F42","ERR3141422",86018,85987,73095,53660,649
"ERR3141423","AMPLICON",502,108671956,"PRJEB31110","SAMEA5320083",68083326,"TEAGASC FOOD RESEARCH CENTRE","5/18/2016","public","fastq,run.zq,sra","ena,gs,ncbi,s3","ena,gs.us-east1,ncbi.public,s3.us-east-1","2/20/2019",2019-02-20 17:03:20,"2/10/2019",2019-02-06 12:31:37,"Food Processing","Dairy Processing","Bulk Tank Milk","ERX3170389","SAMEA5320083","Ireland","Europe","Ireland","52.1636? N","8.2629? W","TEAGASC FOOD RESEARCH CENTRE",2019-02-20 17:03:20,2019-02-06 12:31:37,"public","Illumina MiSeq","metagenome","Farm Milk to Milk Powder 16S","PAIRED","PCR","METAGENOMIC","miscellaneous natural or artificial environment","food metagenome","ILLUMINA","farm to powder",2019-02-21,2019-02-23 10:40:00,1,"SAMEA5320083","T1F43","food metagenome","Illumina MiSeq","ERP113625","T1F43","ERR3141423",125514,126485,108888,49861,856
"ERR3141424","AMPLICON",502,107453602,"PRJEB31110","SAMEA5320084",65048772,"TEAGASC FOOD RESEARCH CENTRE","5/18/2016","public","fastq,run.zq,sra","ena,gs,ncbi,s3","ena,gs.us-east1,ncbi.public,s3.us-east-1","2/20/2019",2019-02-20 17:03:20,"2/10/2019",2019-02-06 12:31:37,"Food Processing","Dairy Processing","Bulk Tank Milk","ERX3170390","SAMEA5320084","Ireland","Europe","Ireland","52.1636? N","8.2629? W","TEAGASC FOOD RESEARCH CENTRE",2019-02-20 17:03:20,2019-02-06 12:31:37,"public","Illumina MiSeq","metagenome","Farm Milk to Milk Powder 16S","PAIRED","PCR","METAGENOMIC","miscellaneous natural or artificial environment","food metagenome","ILLUMINA","farm to powder",2019-02-21,2019-02-23 10:40:00,1,"SAMEA5320084","T1F44","food metagenome","Illumina MiSeq","ERP113625","T1F44","ERR3141424",124181,124286,108261,55342,924
"ERR3141425","AMPLICON",502,106064568,"PRJEB31110","SAMEA5320085",64626496,"TEAGASC FOOD RESEARCH CENTRE","5/18/2016","public","fastq,run.zq,sra","ena,gs,ncbi,s3","ena,gs.us-east1,ncbi.public,s3.us-east-1","2/20/2019",2019-02-20 17:03:20,"2/10/2019",2019-02-06 12:31:37,"Food Processing","Dairy Processing","Bulk Tank Milk","ERX3170391","SAMEA5320085","Ireland","Europe","Ireland","52.1636? N","8.2629? W","TEAGASC FOOD RESEARCH CENTRE",2019-02-20 17:03:20,2019-02-06 12:31:37,"public","Illumina MiSeq","metagenome","Farm Milk to Milk Powder 16S","PAIRED","PCR","METAGENOMIC","miscellaneous natural or artificial environment","food metagenome","ILLUMINA","farm to powder",2019-02-21,2019-02-23 10:40:00,1,"SAMEA5320085","T1F45","food metagenome","Illumina MiSeq","ERP113625","T1F45","ERR3141425",133337,134441,114905,70815,1123
"ERR3141426","AMPLICON",502,94657622,"PRJEB31110","SAMEA5320086",56823439,"TEAGASC FOOD RESEARCH CENTRE","5/18/2016","public","fastq,run.zq,sra","ena,gs,ncbi,s3","ena,gs.us-east1,ncbi.public,s3.us-east-1","2/20/2019",2019-02-20 17:03:20,"2/10/2019",2019-02-06 12:31:37,"Food Processing","Dairy Processing","Bulk Tank Milk","ERX3170392","SAMEA5320086","Ireland","Europe","Ireland","52.1636? N","8.2629? W","TEAGASC FOOD RESEARCH CENTRE",2019-02-20 17:03:20,2019-02-06 12:31:37,"public","Illumina MiSeq","metagenome","Farm Milk to Milk Powder 16S","PAIRED","PCR","METAGENOMIC","miscellaneous natural or artificial environment","food metagenome","ILLUMINA","farm to powder",2019-02-21,2019-02-23 10:40:00,1,"SAMEA5320086","T1F46","food metagenome","Illumina MiSeq","ERP113625","T1F46","ERR3141426",112142,112654,99515,67262,743
"ERR3141427","AMPLICON",502,51062938,"PRJEB31110","SAMEA5320087",30425212,"TEAGASC FOOD RESEARCH CENTRE","5/18/2016","public","fastq,run.zq,sra","ena,gs,ncbi,s3","ena,gs.us-east1,ncbi.public,s3.us-east-1","2/20/2019",2019-02-20 17:03:20,"2/10/2019",2019-02-06 12:31:37,"Food Processing","Dairy Processing","Bulk Tank Milk","ERX3170393","SAMEA5320087","Ireland","Europe","Ireland","52.1636? N","8.2629? W","TEAGASC FOOD RESEARCH CENTRE",2019-02-20 17:03:20,2019-02-06 12:31:37,"public","Illumina MiSeq","metagenome","Farm Milk to Milk Powder 16S","PAIRED","PCR","METAGENOMIC","miscellaneous natural or artificial environment","food metagenome","ILLUMINA","farm to powder",2019-02-21,2019-02-23 10:40:00,1,"SAMEA5320087","T1F47","food metagenome","Illumina MiSeq","ERP113625","T1F47","ERR3141427",65985,66354,55859,30923,660
"ERR3141428","AMPLICON",502,82381212,"PRJEB31110","SAMEA5320088",48453726,"TEAGASC FOOD RESEARCH CENTRE","5/18/2016","public","fastq,run.zq,sra","ena,gs,ncbi,s3","ena,gs.us-east1,ncbi.public,s3.us-east-1","2/20/2019",2019-02-20 17:03:20,"2/10/2019",2019-02-06 12:31:37,"Food Processing","Dairy Processing","Bulk Tank Milk","ERX3170394","SAMEA5320088","Ireland","Europe","Ireland","52.1636? N","8.2629? W","TEAGASC FOOD RESEARCH CENTRE",2019-02-20 17:03:20,2019-02-06 12:31:37,"public","Illumina MiSeq","metagenome","Farm Milk to Milk Powder 16S","PAIRED","PCR","METAGENOMIC","miscellaneous natural or artificial environment","food metagenome","ILLUMINA","farm to powder",2019-02-21,2019-02-23 10:40:00,1,"SAMEA5320088","T1F48","food metagenome","Illumina MiSeq","ERP113625","T1F48","ERR3141428",105702,106106,90925,58512,832
"ERR3141429","AMPLICON",502,113572982,"PRJEB31110","SAMEA5320089",70314633,"TEAGASC FOOD RESEARCH CENTRE","5/18/2016","public","fastq,run.zq,sra","ena,gs,ncbi,s3","ena,gs.us-east1,ncbi.public,s3.us-east-1","2/20/2019",2019-02-20 17:03:20,"2/10/2019",2019-02-06 12:31:37,"Food Processing","Dairy Processing","Bulk Tank Milk","ERX3170395","SAMEA5320089","Ireland","Europe","Ireland","52.1636? N","8.2629? W","TEAGASC FOOD RESEARCH CENTRE",2019-02-20 17:03:20,2019-02-06 12:31:37,"public","Illumina MiSeq","metagenome","Farm Milk to Milk Powder 16S","PAIRED","PCR","METAGENOMIC","miscellaneous natural or artificial environment","food metagenome","ILLUMINA","farm to powder",2019-02-21,2019-02-23 10:40:00,1,"SAMEA5320089","T1F49","food metagenome","Illumina MiSeq","ERP113625","T1F49","ERR3141429",139823,140306,123191,70769,1013
"ERR3141430","AMPLICON",502,54357564,"PRJEB31110","SAMEA5320090",32239190,"TEAGASC FOOD RESEARCH CENTRE","5/18/2016","public","fastq,run.zq,sra","ena,gs,ncbi,s3","ena,gs.us-east1,ncbi.public,s3.us-east-1","2/20/2019",2019-02-20 17:03:20,"2/10/2019",2019-02-06 12:31:37,"Food Processing","Dairy Processing","Bulk Tank Milk","ERX3170396","SAMEA5320090","Ireland","Europe","Ireland","52.1636? N","8.2629? W","TEAGASC FOOD RESEARCH CENTRE",2019-02-20 17:03:20,2019-02-06 12:31:37,"public","Illumina MiSeq","metagenome","Farm Milk to Milk Powder 16S","PAIRED","PCR","METAGENOMIC","miscellaneous natural or artificial environment","food metagenome","ILLUMINA","farm to powder",2019-02-21,2019-02-23 10:40:00,1,"SAMEA5320090","T1F5","food metagenome","Illumina MiSeq","ERP113625","T1F5","ERR3141430",65252,65129,57559,44386,303
"ERR3141431","AMPLICON",502,93709846,"PRJEB31110","SAMEA5320091",57642477,"TEAGASC FOOD RESEARCH CENTRE","5/18/2016","public","fastq,run.zq,sra","ena,gs,ncbi,s3","ena,gs.us-east1,ncbi.public,s3.us-east-1","2/20/2019",2019-02-20 17:03:20,"2/10/2019",2019-02-06 12:31:37,"Food Processing","Dairy Processing","Bulk Tank Milk","ERX3170397","SAMEA5320091","Ireland","Europe","Ireland","52.1636? N","8.2629? W","TEAGASC FOOD RESEARCH CENTRE",2019-02-20 17:03:20,2019-02-06 12:31:37,"public","Illumina MiSeq","metagenome","Farm Milk to Milk Powder 16S","PAIRED","PCR","METAGENOMIC","miscellaneous natural or artificial environment","food metagenome","ILLUMINA","farm to powder",2019-02-21,2019-02-23 10:40:00,1,"SAMEA5320091","T1F50","food metagenome","Illumina MiSeq","ERP113625","T1F50","ERR3141431",99682,99639,88487,50927,620
"ERR3141432","AMPLICON",502,67269506,"PRJEB31110","SAMEA5320092",43684734,"TEAGASC FOOD RESEARCH CENTRE","5/18/2016","public","fastq,run.zq,sra","ena,gs,ncbi,s3","ena,gs.us-east1,ncbi.public,s3.us-east-1","2/20/2019",2019-02-20 17:03:20,"2/10/2019",2019-02-06 12:31:38,"Food Processing","Dairy Processing","Bulk Tank Milk","ERX3170398","SAMEA5320092","Ireland","Europe","Ireland","52.1636? N","8.2629? W","TEAGASC FOOD RESEARCH CENTRE",2019-02-20 17:03:20,2019-02-06 12:31:38,"public","Illumina MiSeq","metagenome","Farm Milk to Milk Powder 16S","PAIRED","PCR","METAGENOMIC","miscellaneous natural or artificial environment","food metagenome","ILLUMINA","farm to powder",2019-02-21,2019-02-23 10:41:00,1,"SAMEA5320092","T1F51","food metagenome","Illumina MiSeq","ERP113625","T1F51","ERR3141432",65644,66156,52115,26514,624
"ERR3141433","AMPLICON",502,53472036,"PRJEB31110","SAMEA5320093",32845168,"TEAGASC FOOD RESEARCH CENTRE","5/18/2016","public","fastq,run.zq,sra","ena,gs,ncbi,s3","ena,gs.us-east1,ncbi.public,s3.us-east-1","2/20/2019",2019-02-20 17:03:20,"2/10/2019",2019-02-06 12:31:38,"Food Processing","Dairy Processing","Bulk Tank Milk","ERX3170399","SAMEA5320093","Ireland","Europe","Ireland","52.1636? N","8.2629? W","TEAGASC FOOD RESEARCH CENTRE",2019-02-20 17:03:20,2019-02-06 12:31:38,"public","Illumina MiSeq","metagenome","Farm Milk to Milk Powder 16S","PAIRED","PCR","METAGENOMIC","miscellaneous natural or artificial environment","food metagenome","ILLUMINA","farm to powder",2019-02-21,2019-02-23 10:40:00,1,"SAMEA5320093","T1F52","food metagenome","Illumina MiSeq","ERP113625","T1F52","ERR3141433",51344,51279,39765,21238,422
"ERR3141435","AMPLICON",502,55419796,"PRJEB31110","SAMEA5320095",33796802,"TEAGASC FOOD RESEARCH CENTRE","5/18/2016","public","fastq,run.zq,sra","ena,gs,ncbi,s3","ena,gs.us-east1,ncbi.public,s3.us-east-1","2/20/2019",2019-02-20 17:03:20,"2/10/2019",2019-02-06 12:31:38,"Food Processing","Dairy Processing","Bulk Tank Milk","ERX3170401","SAMEA5320095","Ireland","Europe","Ireland","52.1636? N","8.2629? W","TEAGASC FOOD RESEARCH CENTRE",2019-02-20 17:03:20,2019-02-06 12:31:38,"public","Illumina MiSeq","metagenome","Farm Milk to Milk Powder 16S","PAIRED","PCR","METAGENOMIC","miscellaneous natural or artificial environment","food metagenome","ILLUMINA","farm to powder",2019-02-21,2019-02-23 10:40:00,1,"SAMEA5320095","T1F54","food metagenome","Illumina MiSeq","ERP113625","T1F54","ERR3141435",57169,57144,46745,25892,404
"ERR3141436","AMPLICON",502,72532976,"PRJEB31110","SAMEA5320096",46532097,"TEAGASC FOOD RESEARCH CENTRE","5/18/2016","public","fastq,run.zq,sra","ena,gs,ncbi,s3","ena,gs.us-east1,ncbi.public,s3.us-east-1","2/20/2019",2019-02-20 17:03:20,"2/10/2019",2019-02-06 12:31:38,"Food Processing","Dairy Processing","Bulk Tank Milk","ERX3170402","SAMEA5320096","Ireland","Europe","Ireland","52.1636? N","8.2629? W","TEAGASC FOOD RESEARCH CENTRE",2019-02-20 17:03:20,2019-02-06 12:31:38,"public","Illumina MiSeq","metagenome","Farm Milk to Milk Powder 16S","PAIRED","PCR","METAGENOMIC","miscellaneous natural or artificial environment","food metagenome","ILLUMINA","farm to powder",2019-02-21,2019-02-23 10:41:00,1,"SAMEA5320096","T1F55","food metagenome","Illumina MiSeq","ERP113625","T1F55","ERR3141436",75912,76365,66187,41914,462
"ERR3141437","AMPLICON",502,65260502,"PRJEB31110","SAMEA5320097",39449448,"TEAGASC FOOD RESEARCH CENTRE","5/18/2016","public","fastq,run.zq,sra","ena,gs,ncbi,s3","ena,gs.us-east1,ncbi.public,s3.us-east-1","2/20/2019",2019-02-20 17:03:20,"2/10/2019",2019-02-06 12:31:38,"Food Processing","Dairy Processing","Bulk Tank Milk","ERX3170403","SAMEA5320097","Ireland","Europe","Ireland","52.1636? N","8.2629? W","TEAGASC FOOD RESEARCH CENTRE",2019-02-20 17:03:20,2019-02-06 12:31:38,"public","Illumina MiSeq","metagenome","Farm Milk to Milk Powder 16S","PAIRED","PCR","METAGENOMIC","miscellaneous natural or artificial environment","food metagenome","ILLUMINA","farm to powder",2019-02-21,2019-02-23 10:41:00,1,"SAMEA5320097","T1F56","food metagenome","Illumina MiSeq","ERP113625","T1F56","ERR3141437",67192,66936,59555,41821,309
"ERR3141438","AMPLICON",502,247988000,"PRJEB31110","SAMEA5320098",154534624,"TEAGASC FOOD RESEARCH CENTRE","5/18/2016","public","fastq,run.zq,sra","ena,gs,ncbi,s3","ena,gs.us-east1,ncbi.public,s3.us-east-1","2/20/2019",2019-02-20 17:03:20,"2/10/2019",2019-02-06 12:31:38,"Food Processing","Dairy Processing","Bulk Tank Milk","ERX3170404","SAMEA5320098","Ireland","Europe","Ireland","52.1636? N","8.2629? W","TEAGASC FOOD RESEARCH CENTRE",2019-02-20 17:03:20,2019-02-06 12:31:38,"public","Illumina MiSeq","metagenome","Farm Milk to Milk Powder 16S","PAIRED","PCR","METAGENOMIC","miscellaneous natural or artificial environment","food metagenome","ILLUMINA","farm to powder",2019-02-21,2019-02-23 10:41:00,1,"SAMEA5320098","T1F57","food metagenome","Illumina MiSeq","ERP113625","T1F57","ERR3141438",294515,296680,254769,136973,2271
"ERR3141439","AMPLICON",502,85215002,"PRJEB31110","SAMEA5320099",49890805,"TEAGASC FOOD RESEARCH CENTRE","5/18/2016","public","fastq,run.zq,sra","ena,gs,ncbi,s3","ena,gs.us-east1,ncbi.public,s3.us-east-1","2/20/2019",2019-02-20 17:03:20,"2/10/2019",2019-02-06 12:31:38,"Food Processing","Dairy Processing","Bulk Tank Milk","ERX3170405","SAMEA5320099","Ireland","Europe","Ireland","52.1636? N","8.2629? W","TEAGASC FOOD RESEARCH CENTRE",2019-02-20 17:03:20,2019-02-06 12:31:38,"public","Illumina MiSeq","metagenome","Farm Milk to Milk Powder 16S","PAIRED","PCR","METAGENOMIC","miscellaneous natural or artificial environment","food metagenome","ILLUMINA","farm to powder",2019-02-21,2019-02-23 10:41:00,1,"SAMEA5320099","T1F58","food metagenome","Illumina MiSeq","ERP113625","T1F58","ERR3141439",113443,113636,104159,69525,620
"ERR3141440","AMPLICON",502,85907762,"PRJEB31110","SAMEA5320100",50756016,"TEAGASC FOOD RESEARCH CENTRE","5/18/2016","public","fastq,run.zq,sra","ena,gs,ncbi,s3","ena,gs.us-east1,ncbi.public,s3.us-east-1","2/20/2019",2019-02-20 17:03:20,"2/10/2019",2019-02-06 12:31:38,"Food Processing","Dairy Processing","Bulk Tank Milk","ERX3170406","SAMEA5320100","Ireland","Europe","Ireland","52.1636? N","8.2629? W","TEAGASC FOOD RESEARCH CENTRE",2019-02-20 17:03:20,2019-02-06 12:31:38,"public","Illumina MiSeq","metagenome","Farm Milk to Milk Powder 16S","PAIRED","PCR","METAGENOMIC","miscellaneous natural or artificial environment","food metagenome","ILLUMINA","farm to powder",2019-02-21,2019-02-23 10:41:00,1,"SAMEA5320100","T1F59","food metagenome","Illumina MiSeq","ERP113625","T1F59","ERR3141440",106100,106307,96482,63283,494
"ERR3141441","AMPLICON",502,179654254,"PRJEB31110","SAMEA5320101",112970327,"TEAGASC FOOD RESEARCH CENTRE","5/18/2016","public","fastq,run.zq,sra","ena,gs,ncbi,s3","ena,gs.us-east1,ncbi.public,s3.us-east-1","2/20/2019",2019-02-20 17:03:20,"2/10/2019",2019-02-06 12:31:38,"Food Processing","Dairy Processing","Bulk Tank Milk","ERX3170407","SAMEA5320101","Ireland","Europe","Ireland","52.1636? N","8.2629? W","TEAGASC FOOD RESEARCH CENTRE",2019-02-20 17:03:20,2019-02-06 12:31:38,"public","Illumina MiSeq","metagenome","Farm Milk to Milk Powder 16S","PAIRED","PCR","METAGENOMIC","miscellaneous natural or artificial environment","food metagenome","ILLUMINA","farm to powder",2019-02-21,2019-02-23 10:41:00,1,"SAMEA5320101","T1F6","food metagenome","Illumina MiSeq","ERP113625","T1F6","ERR3141441",202366,204004,174548,86008,1688
"ERR3141442","AMPLICON",502,75621280,"PRJEB31110","SAMEA5320102",46677179,"TEAGASC FOOD RESEARCH CENTRE","5/18/2016","public","fastq,run.zq,sra","ena,gs,ncbi,s3","ena,gs.us-east1,ncbi.public,s3.us-east-1","2/20/2019",2019-02-20 17:03:20,"2/10/2019",2019-02-06 12:31:38,"Food Processing","Dairy Processing","Bulk Tank Milk","ERX3170408","SAMEA5320102","Ireland","Europe","Ireland","52.1636? N","8.2629? W","TEAGASC FOOD RESEARCH CENTRE",2019-02-20 17:03:20,2019-02-06 12:31:38,"public","Illumina MiSeq","metagenome","Farm Milk to Milk Powder 16S","PAIRED","PCR","METAGENOMIC","miscellaneous natural or artificial environment","food metagenome","ILLUMINA","farm to powder",2019-02-21,2019-02-23 10:41:00,1,"SAMEA5320102","T1F60","food metagenome","Illumina MiSeq","ERP113625","T1F60","ERR3141442",90338,90571,77265,40128,746
"ERR3141443","AMPLICON",502,95110928,"PRJEB31110","SAMEA5320103",56445674,"TEAGASC FOOD RESEARCH CENTRE","5/18/2016","public","fastq,run.zq,sra","ena,gs,ncbi,s3","ena,gs.us-east1,ncbi.public,s3.us-east-1","2/20/2019",2019-02-20 17:03:20,"2/10/2019",2019-02-06 12:31:38,"Food Processing","Dairy Processing","Bulk Tank Milk","ERX3170409","SAMEA5320103","Ireland","Europe","Ireland","52.1636? N","8.2629? W","TEAGASC FOOD RESEARCH CENTRE",2019-02-20 17:03:20,2019-02-06 12:31:38,"public","Illumina MiSeq","metagenome","Farm Milk to Milk Powder 16S","PAIRED","PCR","METAGENOMIC","miscellaneous natural or artificial environment","food metagenome","ILLUMINA","farm to powder",2019-02-21,2019-02-23 10:42:00,1,"SAMEA5320103","T1F61","food metagenome","Illumina MiSeq","ERP113625","T1F61","ERR3141443",115222,115730,99996,48971,827
"ERR3141444","AMPLICON",502,136280450,"PRJEB31110","SAMEA5320104",84670616,"TEAGASC FOOD RESEARCH CENTRE","5/18/2016","public","fastq,run.zq,sra","ena,gs,ncbi,s3","ena,gs.us-east1,ncbi.public,s3.us-east-1","2/20/2019",2019-02-20 17:03:20,"2/10/2019",2019-02-06 12:31:38,"Food Processing","Dairy Processing","Bulk Tank Milk","ERX3170410","SAMEA5320104","Ireland","Europe","Ireland","52.1636? N","8.2629? W","TEAGASC FOOD RESEARCH CENTRE",2019-02-20 17:03:20,2019-02-06 12:31:38,"public","Illumina MiSeq","metagenome","Farm Milk to Milk Powder 16S","PAIRED","PCR","METAGENOMIC","miscellaneous natural or artificial environment","food metagenome","ILLUMINA","farm to powder",2019-02-21,2019-02-23 10:42:00,1,"SAMEA5320104","T1F62","food metagenome","Illumina MiSeq","ERP113625","T1F62","ERR3141444",161008,162328,137787,67721,1122
"ERR3141445","AMPLICON",502,123252044,"PRJEB31110","SAMEA5320105",73005155,"TEAGASC FOOD RESEARCH CENTRE","5/18/2016","public","fastq,run.zq,sra","ena,gs,ncbi,s3","ena,gs.us-east1,ncbi.public,s3.us-east-1","2/20/2019",2019-02-20 17:03:20,"2/10/2019",2019-02-06 12:31:38,"Food Processing","Dairy Processing","Bulk Tank Milk","ERX3170411","SAMEA5320105","Ireland","Europe","Ireland","52.1636? N","8.2629? W","TEAGASC FOOD RESEARCH CENTRE",2019-02-20 17:03:20,2019-02-06 12:31:38,"public","Illumina MiSeq","metagenome","Farm Milk to Milk Powder 16S","PAIRED","PCR","METAGENOMIC","miscellaneous natural or artificial environment","food metagenome","ILLUMINA","farm to powder",2019-02-21,2019-02-23 10:42:00,1,"SAMEA5320105","T1F63","food metagenome","Illumina MiSeq","ERP113625","T1F63","ERR3141445",153815,154335,135655,69692,990
"ERR3141446","AMPLICON",502,229313600,"PRJEB31110","SAMEA5320106",142263141,"TEAGASC FOOD RESEARCH CENTRE","5/18/2016","public","fastq,run.zq,sra","ena,gs,ncbi,s3","ena,gs.us-east1,ncbi.public,s3.us-east-1","2/20/2019",2019-02-20 17:03:20,"2/10/2019",2019-02-06 12:31:38,"Food Processing","Dairy Processing","Bulk Tank Milk","ERX3170412","SAMEA5320106","Ireland","Europe","Ireland","52.1636? N","8.2629? W","TEAGASC FOOD RESEARCH CENTRE",2019-02-20 17:03:20,2019-02-06 12:31:38,"public","Illumina MiSeq","metagenome","Farm Milk to Milk Powder 16S","PAIRED","PCR","METAGENOMIC","miscellaneous natural or artificial environment","food metagenome","ILLUMINA","farm to powder",2019-02-21,2019-02-23 10:42:00,1,"SAMEA5320106","T1F64","food metagenome","Illumina MiSeq","ERP113625","T1F64","ERR3141446",279642,280998,249931,138584,1692
"ERR3141447","AMPLICON",502,92479946,"PRJEB31110","SAMEA5320107",55471039,"TEAGASC FOOD RESEARCH CENTRE","5/18/2016","public","fastq,run.zq,sra","ena,gs,ncbi,s3","ena,gs.us-east1,ncbi.public,s3.us-east-1","2/20/2019",2019-02-20 17:03:20,"2/10/2019",2019-02-06 12:31:38,"Food Processing","Dairy Processing","Bulk Tank Milk","ERX3170413","SAMEA5320107","Ireland","Europe","Ireland","52.1636? N","8.2629? W","TEAGASC FOOD RESEARCH CENTRE",2019-02-20 17:03:20,2019-02-06 12:31:38,"public","Illumina MiSeq","metagenome","Farm Milk to Milk Powder 16S","PAIRED","PCR","METAGENOMIC","miscellaneous natural or artificial environment","food metagenome","ILLUMINA","farm to powder",2019-02-21,2019-02-23 10:42:00,1,"SAMEA5320107","T1F65","food metagenome","Illumina MiSeq","ERP113625","T1F65","ERR3141447",107766,107955,90107,46259,996
"ERR3141448","AMPLICON",502,135877846,"PRJEB31110","SAMEA5320108",85315820,"TEAGASC FOOD RESEARCH CENTRE","5/18/2016","public","fastq,run.zq,sra","ena,gs,ncbi,s3","ena,gs.us-east1,ncbi.public,s3.us-east-1","2/20/2019",2019-02-20 17:03:20,"2/10/2019",2019-02-06 12:31:38,"Food Processing","Dairy Processing","Bulk Tank Milk","ERX3170414","SAMEA5320108","Ireland","Europe","Ireland","52.1636? N","8.2629? W","TEAGASC FOOD RESEARCH CENTRE",2019-02-20 17:03:20,2019-02-06 12:31:38,"public","Illumina MiSeq","metagenome","Farm Milk to Milk Powder 16S","PAIRED","PCR","METAGENOMIC","miscellaneous natural or artificial environment","food metagenome","ILLUMINA","farm to powder",2019-02-21,2019-02-23 10:42:00,1,"SAMEA5320108","T1F66","food metagenome","Illumina MiSeq","ERP113625","T1F66","ERR3141448",155825,157329,135043,69332,1611
"ERR3141449","AMPLICON",502,131537554,"PRJEB31110","SAMEA5320109",78793797,"TEAGASC FOOD RESEARCH CENTRE","5/18/2016","public","fastq,run.zq,sra","ena,gs,ncbi,s3","ena,gs.us-east1,ncbi.public,s3.us-east-1","2/20/2019",2019-02-20 17:03:20,"2/10/2019",2019-02-06 12:31:38,"Food Processing","Dairy Processing","Bulk Tank Milk","ERX3170415","SAMEA5320109","Ireland","Europe","Ireland","52.1636? N","8.2629? W","TEAGASC FOOD RESEARCH CENTRE",2019-02-20 17:03:20,2019-02-06 12:31:38,"public","Illumina MiSeq","metagenome","Farm Milk to Milk Powder 16S","PAIRED","PCR","METAGENOMIC","miscellaneous natural or artificial environment","food metagenome","ILLUMINA","farm to powder",2019-02-21,2019-02-23 10:42:00,1,"SAMEA5320109","T1F67","food metagenome","Illumina MiSeq","ERP113625","T1F67","ERR3141449",158412,159233,138008,65236,1158
"ERR3141450","AMPLICON",502,124635054,"PRJEB31110","SAMEA5320110",75079689,"TEAGASC FOOD RESEARCH CENTRE","5/18/2016","public","fastq,run.zq,sra","ena,gs,ncbi,s3","ena,gs.us-east1,ncbi.public,s3.us-east-1","2/20/2019",2019-02-20 17:03:20,"2/10/2019",2019-02-06 12:31:38,"Food Processing","Dairy Processing","Bulk Tank Milk","ERX3170416","SAMEA5320110","Ireland","Europe","Ireland","52.1636? N","8.2629? W","TEAGASC FOOD RESEARCH CENTRE",2019-02-20 17:03:20,2019-02-06 12:31:38,"public","Illumina MiSeq","metagenome","Farm Milk to Milk Powder 16S","PAIRED","PCR","METAGENOMIC","miscellaneous natural or artificial environment","food metagenome","ILLUMINA","farm to powder",2019-02-21,2019-02-23 10:42:00,1,"SAMEA5320110","T1F7","food metagenome","Illumina MiSeq","ERP113625","T1F7","ERR3141450",135992,136901,111297,60886,1003
"ERR3141451","AMPLICON",502,144947982,"PRJEB31110","SAMEA5320111",88917985,"TEAGASC FOOD RESEARCH CENTRE","5/18/2016","public","fastq,run.zq,sra","ena,gs,ncbi,s3","ena,gs.us-east1,ncbi.public,s3.us-east-1","2/20/2019",2019-02-20 17:03:20,"2/10/2019",2019-02-06 12:31:38,"Food Processing","Dairy Processing","Bulk Tank Milk","ERX3170417","SAMEA5320111","Ireland","Europe","Ireland","52.1636? N","8.2629? W","TEAGASC FOOD RESEARCH CENTRE",2019-02-20 17:03:20,2019-02-06 12:31:38,"public","Illumina MiSeq","metagenome","Farm Milk to Milk Powder 16S","PAIRED","PCR","METAGENOMIC","miscellaneous natural or artificial environment","food metagenome","ILLUMINA","farm to powder",2019-02-21,2019-02-23 10:42:00,1,"SAMEA5320111","T1F8","food metagenome","Illumina MiSeq","ERP113625","T1F8","ERR3141451",181594,183177,158886,88137,1004
"ERR3141452","AMPLICON",502,99411562,"PRJEB31110","SAMEA5320112",58585545,"TEAGASC FOOD RESEARCH CENTRE","5/18/2016","public","fastq,run.zq,sra","ena,gs,ncbi,s3","ena,gs.us-east1,ncbi.public,s3.us-east-1","2/20/2019",2019-02-20 17:03:20,"2/10/2019",2019-02-06 12:31:38,"Food Processing","Dairy Processing","Bulk Tank Milk","ERX3170418","SAMEA5320112","Ireland","Europe","Ireland","52.1636? N","8.2629? W","TEAGASC FOOD RESEARCH CENTRE",2019-02-20 17:03:20,2019-02-06 12:31:38,"public","Illumina MiSeq","metagenome","Farm Milk to Milk Powder 16S","PAIRED","PCR","METAGENOMIC","miscellaneous natural or artificial environment","food metagenome","ILLUMINA","farm to powder",2019-02-21,2019-02-23 10:42:00,1,"SAMEA5320112","T1F9","food metagenome","Illumina MiSeq","ERP113625","T1F9","ERR3141452",131677,131706,125633,74988,547
"ERR3141453","AMPLICON",502,119922780,"PRJEB31110","SAMEA5320113",72635048,"TEAGASC FOOD RESEARCH CENTRE","5/18/2016","public","fastq,run.zq,sra","ena,gs,ncbi,s3","ena,gs.us-east1,ncbi.public,s3.us-east-1","2/20/2019",2019-02-20 17:03:20,"2/10/2019",2019-02-06 12:31:38,"Food Processing","Dairy Processing","Collection Tanker Milk","ERX3170419","SAMEA5320113","Ireland","Europe","Ireland","52.1636? N","8.2629? W","TEAGASC FOOD RESEARCH CENTRE",2019-02-20 17:03:20,2019-02-06 12:31:38,"public","Illumina MiSeq","metagenome","Farm Milk to Milk Powder 16S","PAIRED","PCR","METAGENOMIC","miscellaneous natural or artificial environment","food metagenome","ILLUMINA","farm to powder",2019-02-21,2019-02-23 10:42:00,1,"SAMEA5320113","T1L1","food metagenome","Illumina MiSeq","ERP113625","T1L1","ERR3141453",155821,155909,142120,103334,875
"ERR3141455","AMPLICON",502,197723242,"PRJEB31110","SAMEA5320115",125324055,"TEAGASC FOOD RESEARCH CENTRE","5/18/2016","public","fastq,run.zq,sra","ena,gs,ncbi,s3","ena,gs.us-east1,ncbi.public,s3.us-east-1","2/20/2019",2019-02-20 17:03:20,"2/10/2019",2019-02-06 12:31:38,"Food Processing","Dairy Processing","Collection Tanker Milk","ERX3170421","SAMEA5320115","Ireland","Europe","Ireland","52.1636? N","8.2629? W","TEAGASC FOOD RESEARCH CENTRE",2019-02-20 17:03:20,2019-02-06 12:31:38,"public","Illumina MiSeq","metagenome","Farm Milk to Milk Powder 16S","PAIRED","PCR","METAGENOMIC","miscellaneous natural or artificial environment","food metagenome","ILLUMINA","farm to powder",2019-02-21,2019-02-23 10:43:00,1,"SAMEA5320115","T1L11","food metagenome","Illumina MiSeq","ERP113625","T1L11","ERR3141455",220095,220570,199079,106054,1168
"ERR3141456","AMPLICON",502,154421726,"PRJEB31110","SAMEA5320116",92387943,"TEAGASC FOOD RESEARCH CENTRE","5/18/2016","public","fastq,run.zq,sra","ena,gs,ncbi,s3","ena,gs.us-east1,ncbi.public,s3.us-east-1","2/20/2019",2019-02-20 17:03:20,"2/10/2019",2019-02-06 12:31:38,"Food Processing","Dairy Processing","Collection Tanker Milk","ERX3170422","SAMEA5320116","Ireland","Europe","Ireland","52.1636? N","8.2629? W","TEAGASC FOOD RESEARCH CENTRE",2019-02-20 17:03:20,2019-02-06 12:31:38,"public","Illumina MiSeq","metagenome","Farm Milk to Milk Powder 16S","PAIRED","PCR","METAGENOMIC","miscellaneous natural or artificial environment","food metagenome","ILLUMINA","farm to powder",2019-02-21,2019-02-23 10:43:00,1,"SAMEA5320116","T1L2","food metagenome","Illumina MiSeq","ERP113625","T1L2","ERR3141456",187902,188593,168190,96930,1058
"ERR3141457","AMPLICON",502,139026892,"PRJEB31110","SAMEA5320117",86241353,"TEAGASC FOOD RESEARCH CENTRE","5/18/2016","public","run.zq,sra,fastq","ena,gs,ncbi,s3","ena,gs.us-east1,ncbi.public,s3.us-east-1","2/20/2019",2019-02-20 17:03:20,"2/10/2019",2019-02-06 12:31:38,"Food Processing","Dairy Processing","Collection Tanker Milk","ERX3170423","SAMEA5320117","Ireland","Europe","Ireland","52.1636? N","8.2629? W","TEAGASC FOOD RESEARCH CENTRE",2019-02-20 17:03:20,2019-02-06 12:31:38,"public","Illumina MiSeq","metagenome","Farm Milk to Milk Powder 16S","PAIRED","PCR","METAGENOMIC","miscellaneous natural or artificial environment","food metagenome","ILLUMINA","farm to powder",2019-02-21,2019-02-23 10:43:00,1,"SAMEA5320117","T1L3","food metagenome","Illumina MiSeq","ERP113625","T1L3","ERR3141457",168732,169514,152494,86727,1146
"ERR3141458","AMPLICON",502,124677222,"PRJEB31110","SAMEA5320118",74679420,"TEAGASC FOOD RESEARCH CENTRE","5/18/2016","public","fastq,run.zq,sra","ena,gs,ncbi,s3","ena,gs.us-east1,ncbi.public,s3.us-east-1","2/20/2019",2019-02-20 17:03:20,"2/10/2019",2019-02-06 12:31:38,"Food Processing","Dairy Processing","Collection Tanker Milk","ERX3170424","SAMEA5320118","Ireland","Europe","Ireland","52.1636? N","8.2629? W","TEAGASC FOOD RESEARCH CENTRE",2019-02-20 17:03:20,2019-02-06 12:31:38,"public","Illumina MiSeq","metagenome","Farm Milk to Milk Powder 16S","PAIRED","PCR","METAGENOMIC","miscellaneous natural or artificial environment","food metagenome","ILLUMINA","farm to powder",2019-02-21,2019-02-23 10:43:00,1,"SAMEA5320118","T1L4","food metagenome","Illumina MiSeq","ERP113625","T1L4","ERR3141458",150074,149858,133199,73142,903
"ERR3141459","AMPLICON",502,66946218,"PRJEB31110","SAMEA5320119",40794336,"TEAGASC FOOD RESEARCH CENTRE","5/18/2016","public","fastq,run.zq,sra","ena,gs,ncbi,s3","ena,gs.us-east1,ncbi.public,s3.us-east-1","2/20/2019",2019-02-20 17:03:20,"2/10/2019",2019-02-06 12:31:38,"Food Processing","Dairy Processing","Collection Tanker Milk","ERX3170425","SAMEA5320119","Ireland","Europe","Ireland","52.1636? N","8.2629? W","TEAGASC FOOD RESEARCH CENTRE",2019-02-20 17:03:20,2019-02-06 12:31:38,"public","Illumina MiSeq","metagenome","Farm Milk to Milk Powder 16S","PAIRED","PCR","METAGENOMIC","miscellaneous natural or artificial environment","food metagenome","ILLUMINA","farm to powder",2019-02-21,2019-02-23 10:43:00,1,"SAMEA5320119","T1L5","food metagenome","Illumina MiSeq","ERP113625","T1L5","ERR3141459",83923,83971,75377,45004,559
"ERR3141460","AMPLICON",502,89130602,"PRJEB31110","SAMEA5320120",52676138,"TEAGASC FOOD RESEARCH CENTRE","5/18/2016","public","fastq,run.zq,sra","ena,gs,ncbi,s3","ena,gs.us-east1,ncbi.public,s3.us-east-1","2/20/2019",2019-02-20 17:03:20,"2/10/2019",2019-02-06 12:31:38,"Food Processing","Dairy Processing","Collection Tanker Milk","ERX3170426","SAMEA5320120","Ireland","Europe","Ireland","52.1636? N","8.2629? W","TEAGASC FOOD RESEARCH CENTRE",2019-02-20 17:03:20,2019-02-06 12:31:38,"public","Illumina MiSeq","metagenome","Farm Milk to Milk Powder 16S","PAIRED","PCR","METAGENOMIC","miscellaneous natural or artificial environment","food metagenome","ILLUMINA","farm to powder",2019-02-21,2019-02-23 10:43:00,1,"SAMEA5320120","T1L6","food metagenome","Illumina MiSeq","ERP113625","T1L6","ERR3141460",112423,112500,100391,59497,656
"ERR3141461","AMPLICON",502,89515636,"PRJEB31110","SAMEA5320121",54429238,"TEAGASC FOOD RESEARCH CENTRE","5/18/2016","public","fastq,run.zq,sra","ena,gs,ncbi,s3","ena,gs.us-east1,ncbi.public,s3.us-east-1","2/20/2019",2019-02-20 17:03:20,"2/10/2019",2019-02-06 12:31:38,"Food Processing","Dairy Processing","Collection Tanker Milk","ERX3170427","SAMEA5320121","Ireland","Europe","Ireland","52.1636? N","8.2629? W","TEAGASC FOOD RESEARCH CENTRE",2019-02-20 17:03:20,2019-02-06 12:31:38,"public","Illumina MiSeq","metagenome","Farm Milk to Milk Powder 16S","PAIRED","PCR","METAGENOMIC","miscellaneous natural or artificial environment","food metagenome","ILLUMINA","farm to powder",2019-02-21,2019-02-23 10:43:00,1,"SAMEA5320121","T1L7","food metagenome","Illumina MiSeq","ERP113625","T1L7","ERR3141461",117205,117134,108638,88414,395
"ERR3141462","AMPLICON",502,69500394,"PRJEB31110","SAMEA5320122",40957897,"TEAGASC FOOD RESEARCH CENTRE","5/18/2016","public","fastq,run.zq,sra","ena,gs,ncbi,s3","ena,gs.us-east1,ncbi.public,s3.us-east-1","2/20/2019",2019-02-20 17:03:20,"2/10/2019",2019-02-06 12:31:38,"Food Processing","Dairy Processing","Collection Tanker Milk","ERX3170428","SAMEA5320122","Ireland","Europe","Ireland","52.1636? N","8.2629? W","TEAGASC FOOD RESEARCH CENTRE",2019-02-20 17:03:20,2019-02-06 12:31:38,"public","Illumina MiSeq","metagenome","Farm Milk to Milk Powder 16S","PAIRED","PCR","METAGENOMIC","miscellaneous natural or artificial environment","food metagenome","ILLUMINA","farm to powder",2019-02-21,2019-02-23 10:43:00,1,"SAMEA5320122","T1L8","food metagenome","Illumina MiSeq","ERP113625","T1L8","ERR3141462",85760,85660,73702,42216,627
"ERR3141463","AMPLICON",502,110136792,"PRJEB31110","SAMEA5320123",67536373,"TEAGASC FOOD RESEARCH CENTRE","5/18/2016","public","fastq,run.zq,sra","ena,gs,ncbi,s3","ena,gs.us-east1,ncbi.public,s3.us-east-1","2/20/2019",2019-02-20 17:03:20,"2/10/2019",2019-02-06 12:31:38,"Food Processing","Dairy Processing","Collection Tanker Milk","ERX3170429","SAMEA5320123","Ireland","Europe","Ireland","52.1636? N","8.2629? W","TEAGASC FOOD RESEARCH CENTRE",2019-02-20 17:03:20,2019-02-06 12:31:38,"public","Illumina MiSeq","metagenome","Farm Milk to Milk Powder 16S","PAIRED","PCR","METAGENOMIC","miscellaneous natural or artificial environment","food metagenome","ILLUMINA","farm to powder",2019-02-21,2019-02-23 10:43:00,1,"SAMEA5320123","T1L9","food metagenome","Illumina MiSeq","ERP113625","T1L9","ERR3141463",136546,137111,121381,88803,720
"ERR3141464","AMPLICON",502,84007692,"PRJEB31110","SAMEA5320124",50284760,"TEAGASC FOOD RESEARCH CENTRE","5/30/2016","public","fastq,run.zq,sra","ena,gs,ncbi,s3","ena,gs.us-east1,ncbi.public,s3.us-east-1","2/20/2019",2019-02-20 17:03:20,"2/10/2019",2019-02-06 12:31:38,"Food Processing","Dairy Processing","Skimmed Milk Powder","ERX3170430","SAMEA5320124","Ireland","Europe","Ireland","52.1636? N","8.2629? W","TEAGASC FOOD RESEARCH CENTRE",2019-02-20 17:03:20,2019-02-06 12:31:38,"public","Illumina MiSeq","metagenome","Farm Milk to Milk Powder 16S","PAIRED","PCR","METAGENOMIC","miscellaneous natural or artificial environment","food metagenome","ILLUMINA","farm to powder",2019-02-21,2019-02-23 10:43:00,1,"SAMEA5320124","T1MeP1A","food metagenome","Illumina MiSeq","ERP113625","T1MeP1A","ERR3141464",104266,104289,101921,85667,150
"ERR3141465","AMPLICON",502,80634252,"PRJEB31110","SAMEA5320125",48566959,"TEAGASC FOOD RESEARCH CENTRE","5/30/2016","public","fastq,run.zq,sra","ena,gs,ncbi,s3","ena,gs.us-east1,ncbi.public,s3.us-east-1","2/20/2019",2019-02-20 17:03:20,"2/10/2019",2019-02-06 12:31:38,"Food Processing","Dairy Processing","Skimmed Milk Powder","ERX3170431","SAMEA5320125","Ireland","Europe","Ireland","52.1636? N","8.2629? W","TEAGASC FOOD RESEARCH CENTRE",2019-02-20 17:03:20,2019-02-06 12:31:38,"public","Illumina MiSeq","metagenome","Farm Milk to Milk Powder 16S","PAIRED","PCR","METAGENOMIC","miscellaneous natural or artificial environment","food metagenome","ILLUMINA","farm to powder",2019-02-21,2019-02-23 10:43:00,1,"SAMEA5320125","T1MeP1B","food metagenome","Illumina MiSeq","ERP113625","T1MeP1B","ERR3141465",97521,97601,95309,81077,132
"ERR3141466","AMPLICON",502,51411326,"PRJEB31110","SAMEA5320126",31559616,"TEAGASC FOOD RESEARCH CENTRE","5/30/2016","public","fastq,run.zq,sra","ena,gs,ncbi,s3","ena,gs.us-east1,ncbi.public,s3.us-east-1","2/20/2019",2019-02-20 17:03:20,"2/10/2019",2019-02-06 12:31:38,"Food Processing","Dairy Processing","Skimmed Milk Powder","ERX3170432","SAMEA5320126","Ireland","Europe","Ireland","52.1636? N","8.2629? W","TEAGASC FOOD RESEARCH CENTRE",2019-02-20 17:03:20,2019-02-06 12:31:38,"public","Illumina MiSeq","metagenome","Farm Milk to Milk Powder 16S","PAIRED","PCR","METAGENOMIC","miscellaneous natural or artificial environment","food metagenome","ILLUMINA","farm to powder",2019-02-21,2019-02-23 10:43:00,1,"SAMEA5320126","T1MeP1C","food metagenome","Illumina MiSeq","ERP113625","T1MeP1C","ERR3141466",55581,55712,54125,46128,106
"ERR3141467","AMPLICON",502,104344214,"PRJEB31110","SAMEA5320127",63898260,"TEAGASC FOOD RESEARCH CENTRE","5/30/2016","public","fastq,run.zq,sra","ena,gs,ncbi,s3","ena,gs.us-east1,ncbi.public,s3.us-east-1","2/20/2019",2019-02-20 17:03:20,"2/10/2019",2019-02-06 12:31:38,"Food Processing","Dairy Processing","Skimmed Milk Powder","ERX3170433","SAMEA5320127","Ireland","Europe","Ireland","52.1636? N","8.2629? W","TEAGASC FOOD RESEARCH CENTRE",2019-02-20 17:03:20,2019-02-06 12:31:38,"public","Illumina MiSeq","metagenome","Farm Milk to Milk Powder 16S","PAIRED","PCR","METAGENOMIC","miscellaneous natural or artificial environment","food metagenome","ILLUMINA","farm to powder",2019-02-21,2019-02-23 10:44:00,1,"SAMEA5320127","T1MeP2A","food metagenome","Illumina MiSeq","ERP113625","T1MeP2A","ERR3141467",113191,113107,110506,93763,157
"ERR3141468","AMPLICON",502,53757674,"PRJEB31110","SAMEA5320128",32473157,"TEAGASC FOOD RESEARCH CENTRE","5/30/2016","public","fastq,run.zq,sra","ena,gs,ncbi,s3","ena,gs.us-east1,ncbi.public,s3.us-east-1","2/20/2019",2019-02-20 17:03:20,"2/10/2019",2019-02-06 12:31:38,"Food Processing","Dairy Processing","Skimmed Milk Powder","ERX3170434","SAMEA5320128","Ireland","Europe","Ireland","52.1636? N","8.2629? W","TEAGASC FOOD RESEARCH CENTRE",2019-02-20 17:03:20,2019-02-06 12:31:38,"public","Illumina MiSeq","metagenome","Farm Milk to Milk Powder 16S","PAIRED","PCR","METAGENOMIC","miscellaneous natural or artificial environment","food metagenome","ILLUMINA","farm to powder",2019-02-21,2019-02-23 10:44:00,1,"SAMEA5320128","T1MeP2B","food metagenome","Illumina MiSeq","ERP113625","T1MeP2B","ERR3141468",64199,64243,62513,54188,120
"ERR3141469","AMPLICON",502,69198692,"PRJEB31110","SAMEA5320129",42061215,"TEAGASC FOOD RESEARCH CENTRE","5/30/2016","public","fastq,run.zq,sra","ena,gs,ncbi,s3","ena,gs.us-east1,ncbi.public,s3.us-east-1","2/20/2019",2019-02-20 17:03:20,"2/10/2019",2019-02-06 12:31:38,"Food Processing","Dairy Processing","Skimmed Milk Powder","ERX3170435","SAMEA5320129","Ireland","Europe","Ireland","52.1636? N","8.2629? W","TEAGASC FOOD RESEARCH CENTRE",2019-02-20 17:03:20,2019-02-06 12:31:38,"public","Illumina MiSeq","metagenome","Farm Milk to Milk Powder 16S","PAIRED","PCR","METAGENOMIC","miscellaneous natural or artificial environment","food metagenome","ILLUMINA","farm to powder",2019-02-21,2019-02-23 10:44:00,1,"SAMEA5320129","T1MeP2C","food metagenome","Illumina MiSeq","ERP113625","T1MeP2C","ERR3141469",80105,80119,78454,67938,132
"ERR3141470","AMPLICON",502,74950608,"PRJEB31110","SAMEA5320130",46681799,"TEAGASC FOOD RESEARCH CENTRE","5/30/2016","public","fastq,run.zq,sra","ena,gs,ncbi,s3","ena,gs.us-east1,ncbi.public,s3.us-east-1","2/20/2019",2019-02-20 17:03:20,"2/10/2019",2019-02-06 12:31:38,"Food Processing","Dairy Processing","Skimmed Milk Powder","ERX3170436","SAMEA5320130","Ireland","Europe","Ireland","52.1636? N","8.2629? W","TEAGASC FOOD RESEARCH CENTRE",2019-02-20 17:03:20,2019-02-06 12:31:38,"public","Illumina MiSeq","metagenome","Farm Milk to Milk Powder 16S","PAIRED","PCR","METAGENOMIC","miscellaneous natural or artificial environment","food metagenome","ILLUMINA","farm to powder",2019-02-21,2019-02-23 10:44:00,1,"SAMEA5320130","T1MeP3A","food metagenome","Illumina MiSeq","ERP113625","T1MeP3A","ERR3141470",72358,72318,69204,59366,148
"ERR3141471","AMPLICON",502,80808446,"PRJEB31110","SAMEA5320131",48211117,"TEAGASC FOOD RESEARCH CENTRE","5/30/2016","public","fastq,run.zq,sra","ena,gs,ncbi,s3","ena,gs.us-east1,ncbi.public,s3.us-east-1","2/20/2019",2019-02-20 17:03:20,"2/10/2019",2019-02-06 12:31:38,"Food Processing","Dairy Processing","Skimmed Milk Powder","ERX3170437","SAMEA5320131","Ireland","Europe","Ireland","52.1636? N","8.2629? W","TEAGASC FOOD RESEARCH CENTRE",2019-02-20 17:03:20,2019-02-06 12:31:38,"public","Illumina MiSeq","metagenome","Farm Milk to Milk Powder 16S","PAIRED","PCR","METAGENOMIC","miscellaneous natural or artificial environment","food metagenome","ILLUMINA","farm to powder",2019-02-21,2019-02-23 10:44:00,1,"SAMEA5320131","T1MeP3B","food metagenome","Illumina MiSeq","ERP113625","T1MeP3B","ERR3141471",100715,100750,97906,87995,199
"ERR3141472","AMPLICON",502,98749424,"PRJEB31110","SAMEA5320132",59471781,"TEAGASC FOOD RESEARCH CENTRE","5/30/2016","public","fastq,run.zq,sra","ena,gs,ncbi,s3","ena,gs.us-east1,ncbi.public,s3.us-east-1","2/20/2019",2019-02-20 17:03:20,"2/10/2019",2019-02-06 12:31:38,"Food Processing","Dairy Processing","Skimmed Milk Powder","ERX3170438","SAMEA5320132","Ireland","Europe","Ireland","52.1636? N","8.2629? W","TEAGASC FOOD RESEARCH CENTRE",2019-02-20 17:03:20,2019-02-06 12:31:38,"public","Illumina MiSeq","metagenome","Farm Milk to Milk Powder 16S","PAIRED","PCR","METAGENOMIC","miscellaneous natural or artificial environment","food metagenome","ILLUMINA","farm to powder",2019-02-21,2019-02-23 10:44:00,1,"SAMEA5320132","T1MeP3C","food metagenome","Illumina MiSeq","ERP113625","T1MeP3C","ERR3141472",119319,119349,116011,102554,230
"ERR3141473","AMPLICON",502,73693600,"PRJEB31110","SAMEA5320133",43837869,"TEAGASC FOOD RESEARCH CENTRE","5/30/2016","public","fastq,run.zq,sra","ena,gs,ncbi,s3","ena,gs.us-east1,ncbi.public,s3.us-east-1","2/20/2019",2019-02-20 17:03:20,"2/10/2019",2019-02-06 12:31:38,"Food Processing","Dairy Processing","Skimmed Milk Powder","ERX3170439","SAMEA5320133","Ireland","Europe","Ireland","52.1636? N","8.2629? W","TEAGASC FOOD RESEARCH CENTRE",2019-02-20 17:03:20,2019-02-06 12:31:38,"public","Illumina MiSeq","metagenome","Farm Milk to Milk Powder 16S","PAIRED","PCR","METAGENOMIC","miscellaneous natural or artificial environment","food metagenome","ILLUMINA","farm to powder",2019-02-21,2019-02-23 10:44:00,1,"SAMEA5320133","T1P1A","food metagenome","Illumina MiSeq","ERP113625","T1P1A","ERR3141473",90490,90346,87959,73780,175
"ERR3141474","AMPLICON",502,78078570,"PRJEB31110","SAMEA5320134",50125765,"TEAGASC FOOD RESEARCH CENTRE","5/30/2016","public","fastq,run.zq,sra","ena,gs,ncbi,s3","ena,gs.us-east1,ncbi.public,s3.us-east-1","2/20/2019",2019-02-20 17:03:20,"2/10/2019",2019-02-06 12:31:38,"Food Processing","Dairy Processing","Skimmed Milk Powder","ERX3170440","SAMEA5320134","Ireland","Europe","Ireland","52.1636? N","8.2629? W","TEAGASC FOOD RESEARCH CENTRE",2019-02-20 17:03:20,2019-02-06 12:31:38,"public","Illumina MiSeq","metagenome","Farm Milk to Milk Powder 16S","PAIRED","PCR","METAGENOMIC","miscellaneous natural or artificial environment","food metagenome","ILLUMINA","farm to powder",2019-02-21,2019-02-23 10:44:00,1,"SAMEA5320134","T1P1B","food metagenome","Illumina MiSeq","ERP113625","T1P1B","ERR3141474",83115,82982,80651,67879,134
"ERR3141475","AMPLICON",502,83969038,"PRJEB31110","SAMEA5320135",51137922,"TEAGASC FOOD RESEARCH CENTRE","5/30/2016","public","fastq,run.zq,sra","ena,gs,ncbi,s3","ena,gs.us-east1,ncbi.public,s3.us-east-1","2/20/2019",2019-02-20 17:03:20,"2/10/2019",2019-02-06 12:31:38,"Food Processing","Dairy Processing","Skimmed Milk Powder","ERX3170441","SAMEA5320135","Ireland","Europe","Ireland","52.1636? N","8.2629? W","TEAGASC FOOD RESEARCH CENTRE",2019-02-20 17:03:20,2019-02-06 12:31:38,"public","Illumina MiSeq","metagenome","Farm Milk to Milk Powder 16S","PAIRED","PCR","METAGENOMIC","miscellaneous natural or artificial environment","food metagenome","ILLUMINA","farm to powder",2019-02-21,2019-02-23 10:44:00,1,"SAMEA5320135","T1P1C","food metagenome","Illumina MiSeq","ERP113625","T1P1C","ERR3141475",98213,98131,95812,81598,147
"ERR3141476","AMPLICON",502,78588602,"PRJEB31110","SAMEA5320136",49879889,"TEAGASC FOOD RESEARCH CENTRE","5/30/2016","public","fastq,run.zq,sra","ena,gs,ncbi,s3","ena,gs.us-east1,ncbi.public,s3.us-east-1","2/20/2019",2019-02-20 17:03:20,"2/10/2019",2019-02-06 12:31:38,"Food Processing","Dairy Processing","Skimmed Milk Powder","ERX3170442","SAMEA5320136","Ireland","Europe","Ireland","52.1636? N","8.2629? W","TEAGASC FOOD RESEARCH CENTRE",2019-02-20 17:03:20,2019-02-06 12:31:38,"public","Illumina MiSeq","metagenome","Farm Milk to Milk Powder 16S","PAIRED","PCR","METAGENOMIC","miscellaneous natural or artificial environment","food metagenome","ILLUMINA","farm to powder",2019-02-21,2019-02-23 10:44:00,1,"SAMEA5320136","T1P2A","food metagenome","Illumina MiSeq","ERP113625","T1P2A","ERR3141476",87523,87531,84777,70069,207
"ERR3141477","AMPLICON",502,95874972,"PRJEB31110","SAMEA5320137",58474172,"TEAGASC FOOD RESEARCH CENTRE","5/30/2016","public","fastq,run.zq,sra","ena,gs,ncbi,s3","ena,gs.us-east1,ncbi.public,s3.us-east-1","2/20/2019",2019-02-20 17:03:20,"2/10/2019",2019-02-06 12:31:39,"Food Processing","Dairy Processing","Skimmed Milk Powder","ERX3170443","SAMEA5320137","Ireland","Europe","Ireland","52.1636? N","8.2629? W","TEAGASC FOOD RESEARCH CENTRE",2019-02-20 17:03:20,2019-02-06 12:31:39,"public","Illumina MiSeq","metagenome","Farm Milk to Milk Powder 16S","PAIRED","PCR","METAGENOMIC","miscellaneous natural or artificial environment","food metagenome","ILLUMINA","farm to powder",2019-02-21,2019-02-23 10:44:00,1,"SAMEA5320137","T1P2B","food metagenome","Illumina MiSeq","ERP113625","T1P2B","ERR3141477",112614,112669,109489,90438,184
"ERR3141478","AMPLICON",502,107133828,"PRJEB31110","SAMEA5320138",66296213,"TEAGASC FOOD RESEARCH CENTRE","5/30/2016","public","fastq,run.zq,sra","ena,gs,ncbi,s3","ena,gs.us-east1,ncbi.public,s3.us-east-1","2/20/2019",2019-02-20 17:03:20,"2/10/2019",2019-02-06 12:31:39,"Food Processing","Dairy Processing","Skimmed Milk Powder","ERX3170444","SAMEA5320138","Ireland","Europe","Ireland","52.1636? N","8.2629? W","TEAGASC FOOD RESEARCH CENTRE",2019-02-20 17:03:20,2019-02-06 12:31:39,"public","Illumina MiSeq","metagenome","Farm Milk to Milk Powder 16S","PAIRED","PCR","METAGENOMIC","miscellaneous natural or artificial environment","food metagenome","ILLUMINA","farm to powder",2019-02-21,2019-02-23 10:44:00,1,"SAMEA5320138","T1P2C","food metagenome","Illumina MiSeq","ERP113625","T1P2C","ERR3141478",130653,130681,126867,103830,238
"ERR3141479","AMPLICON",502,87434344,"PRJEB31110","SAMEA5320139",53837134,"TEAGASC FOOD RESEARCH CENTRE","5/30/2016","public","fastq,run.zq,sra","ena,gs,ncbi,s3","ena,gs.us-east1,ncbi.public,s3.us-east-1","2/20/2019",2019-02-20 17:03:20,"2/10/2019",2019-02-06 12:31:39,"Food Processing","Dairy Processing","Skimmed Milk Powder","ERX3170445","SAMEA5320139","Ireland","Europe","Ireland","52.1636? N","8.2629? W","TEAGASC FOOD RESEARCH CENTRE",2019-02-20 17:03:20,2019-02-06 12:31:39,"public","Illumina MiSeq","metagenome","Farm Milk to Milk Powder 16S","PAIRED","PCR","METAGENOMIC","miscellaneous natural or artificial environment","food metagenome","ILLUMINA","farm to powder",2019-02-21,2019-02-23 10:44:00,1,"SAMEA5320139","T1P3A","food metagenome","Illumina MiSeq","ERP113625","T1P3A","ERR3141479",98399,98429,94824,81453,228
"ERR3141480","AMPLICON",502,82035334,"PRJEB31110","SAMEA5320140",51014746,"TEAGASC FOOD RESEARCH CENTRE","5/30/2016","public","fastq,run.zq,sra","ena,gs,ncbi,s3","ena,gs.us-east1,ncbi.public,s3.us-east-1","2/20/2019",2019-02-20 17:03:20,"2/10/2019",2019-02-06 12:31:39,"Food Processing","Dairy Processing","Skimmed Milk Powder","ERX3170446","SAMEA5320140","Ireland","Europe","Ireland","52.1636? N","8.2629? W","TEAGASC FOOD RESEARCH CENTRE",2019-02-20 17:03:20,2019-02-06 12:31:39,"public","Illumina MiSeq","metagenome","Farm Milk to Milk Powder 16S","PAIRED","PCR","METAGENOMIC","miscellaneous natural or artificial environment","food metagenome","ILLUMINA","farm to powder",2019-02-21,2019-02-23 10:44:00,1,"SAMEA5320140","T1P3B","food metagenome","Illumina MiSeq","ERP113625","T1P3B","ERR3141480",96760,96936,92470,76029,271
"ERR3141481","AMPLICON",502,83678380,"PRJEB31110","SAMEA5320141",50807026,"TEAGASC FOOD RESEARCH CENTRE","5/30/2016","public","fastq,run.zq,sra","ena,gs,ncbi,s3","ena,gs.us-east1,ncbi.public,s3.us-east-1","2/20/2019",2019-02-20 17:03:20,"2/10/2019",2019-02-06 12:31:39,"Food Processing","Dairy Processing","Skimmed Milk Powder","ERX3170447","SAMEA5320141","Ireland","Europe","Ireland","52.1636? N","8.2629? W","TEAGASC FOOD RESEARCH CENTRE",2019-02-20 17:03:20,2019-02-06 12:31:39,"public","Illumina MiSeq","metagenome","Farm Milk to Milk Powder 16S","PAIRED","PCR","METAGENOMIC","miscellaneous natural or artificial environment","food metagenome","ILLUMINA","farm to powder",2019-02-21,2019-02-23 10:44:00,1,"SAMEA5320141","T1P3C","food metagenome","Illumina MiSeq","ERP113625","T1P3C","ERR3141481",97642,97524,94010,81759,213
"ERR3141482","AMPLICON",502,91005572,"PRJEB31110","SAMEA5320142",53439193,"TEAGASC FOOD RESEARCH CENTRE","5/19/2016","public","fastq,run.zq,sra","ena,gs,ncbi,s3","ena,gs.us-east1,ncbi.public,s3.us-east-1","2/20/2019",2019-02-20 17:03:20,"2/10/2019",2019-02-06 12:31:39,"Food Processing","Dairy Processing","Skimmed Milk Silo","ERX3170448","SAMEA5320142","Ireland","Europe","Ireland","52.1636? N","8.2629? W","TEAGASC FOOD RESEARCH CENTRE",2019-02-20 17:03:20,2019-02-06 12:31:39,"public","Illumina MiSeq","metagenome","Farm Milk to Milk Powder 16S","PAIRED","PCR","METAGENOMIC","miscellaneous natural or artificial environment","food metagenome","ILLUMINA","farm to powder",2019-02-21,2019-02-23 10:45:00,1,"SAMEA5320142","T1SMS1A","food metagenome","Illumina MiSeq","ERP113625","T1SMS1A","ERR3141482",115903,115918,101961,64095,720
"ERR3141483","AMPLICON",502,49164876,"PRJEB31110","SAMEA5320143",29658557,"TEAGASC FOOD RESEARCH CENTRE","5/19/2016","public","fastq,run.zq,sra","ena,gs,ncbi,s3","ena,gs.us-east1,ncbi.public,s3.us-east-1","2/20/2019",2019-02-20 17:03:20,"2/10/2019",2019-02-06 12:31:39,"Food Processing","Dairy Processing","Skimmed Milk Silo","ERX3170449","SAMEA5320143","Ireland","Europe","Ireland","52.1636? N","8.2629? W","TEAGASC FOOD RESEARCH CENTRE",2019-02-20 17:03:20,2019-02-06 12:31:39,"public","Illumina MiSeq","metagenome","Farm Milk to Milk Powder 16S","PAIRED","PCR","METAGENOMIC","miscellaneous natural or artificial environment","food metagenome","ILLUMINA","farm to powder",2019-02-21,2019-02-23 10:45:00,1,"SAMEA5320143","T1SMS1B","food metagenome","Illumina MiSeq","ERP113625","T1SMS1B","ERR3141483",61595,61711,54004,36200,578
"ERR3141484","AMPLICON",502,130643994,"PRJEB31110","SAMEA5320144",74884990,"TEAGASC FOOD RESEARCH CENTRE","5/19/2016","public","fastq,run.zq,sra","ena,gs,ncbi,s3","ena,gs.us-east1,ncbi.public,s3.us-east-1","2/20/2019",2019-02-20 17:03:20,"2/10/2019",2019-02-06 12:31:39,"Food Processing","Dairy Processing","Whole Milk Silo","ERX3170450","SAMEA5320144","Ireland","Europe","Ireland","52.1636? N","8.2629? W","TEAGASC FOOD RESEARCH CENTRE",2019-02-20 17:03:20,2019-02-06 12:31:39,"public","Illumina MiSeq","metagenome","Farm Milk to Milk Powder 16S","PAIRED","PCR","METAGENOMIC","miscellaneous natural or artificial environment","food metagenome","ILLUMINA","farm to powder",2019-02-21,2019-02-23 10:45:00,1,"SAMEA5320144","T1WMS1A","food metagenome","Illumina MiSeq","ERP113625","T1WMS1A","ERR3141484",186877,186935,176117,132992,327
"ERR3141485","AMPLICON",502,77771848,"PRJEB31110","SAMEA5320145",46826684,"TEAGASC FOOD RESEARCH CENTRE","5/19/2016","public","fastq,run.zq,sra","ena,gs,ncbi,s3","ena,gs.us-east1,ncbi.public,s3.us-east-1","2/20/2019",2019-02-20 17:03:20,"2/10/2019",2019-02-06 12:31:39,"Food Processing","Dairy Processing","Whole Milk Silo","ERX3170451","SAMEA5320145","Ireland","Europe","Ireland","52.1636? N","8.2629? W","TEAGASC FOOD RESEARCH CENTRE",2019-02-20 17:03:20,2019-02-06 12:31:39,"public","Illumina MiSeq","metagenome","Farm Milk to Milk Powder 16S","PAIRED","PCR","METAGENOMIC","miscellaneous natural or artificial environment","food metagenome","ILLUMINA","farm to powder",2019-02-21,2019-02-23 10:45:00,1,"SAMEA5320145","T1WMS1B","food metagenome","Illumina MiSeq","ERP113625","T1WMS1B","ERR3141485",104003,103878,98536,77008,197
"ERR3141486","AMPLICON",502,86992584,"PRJEB31110","SAMEA5320146",53144538,"TEAGASC FOOD RESEARCH CENTRE","10/19/2016","public","fastq,run.zq,sra","ena,gs,ncbi,s3","ena,gs.us-east1,ncbi.public,s3.us-east-1","2/20/2019",2019-02-20 17:03:20,"2/10/2019",2019-02-06 12:31:39,"Food Processing","Dairy Processing","Bulk Tank Milk","ERX3170452","SAMEA5320146","Ireland","Europe","Ireland","52.1636? N","8.2629? W","TEAGASC FOOD RESEARCH CENTRE",2019-02-20 17:03:20,2019-02-06 12:31:39,"public","Illumina MiSeq","metagenome","Farm Milk to Milk Powder 16S","PAIRED","PCR","METAGENOMIC","miscellaneous natural or artificial environment","food metagenome","ILLUMINA","farm to powder",2019-02-21,2019-02-23 10:45:00,1,"SAMEA5320146","T2F1","food metagenome","Illumina MiSeq","ERP113625","T2F1","ERR3141486",100013,100211,89070,44710,653
"ERR3141487","AMPLICON",502,127968836,"PRJEB31110","SAMEA5320147",76771560,"TEAGASC FOOD RESEARCH CENTRE","10/19/2016","public","fastq,run.zq,sra","ena,gs,ncbi,s3","ena,gs.us-east1,ncbi.public,s3.us-east-1","2/20/2019",2019-02-20 17:03:20,"2/10/2019",2019-02-06 12:31:39,"Food Processing","Dairy Processing","Bulk Tank Milk","ERX3170453","SAMEA5320147","Ireland","Europe","Ireland","52.1636? N","8.2629? W","TEAGASC FOOD RESEARCH CENTRE",2019-02-20 17:03:20,2019-02-06 12:31:39,"public","Illumina MiSeq","metagenome","Farm Milk to Milk Powder 16S","PAIRED","PCR","METAGENOMIC","miscellaneous natural or artificial environment","food metagenome","ILLUMINA","farm to powder",2019-02-21,2019-02-23 10:45:00,1,"SAMEA5320147","T2F10","food metagenome","Illumina MiSeq","ERP113625","T2F10","ERR3141487",150160,151370,124279,69156,1674
"ERR3141488","AMPLICON",502,51887724,"PRJEB31110","SAMEA5320148",31003677,"TEAGASC FOOD RESEARCH CENTRE","10/19/2016","public","fastq,run.zq,sra","ena,gs,ncbi,s3","ena,gs.us-east1,ncbi.public,s3.us-east-1","2/20/2019",2019-02-20 17:03:20,"2/10/2019",2019-02-06 12:31:39,"Food Processing","Dairy Processing","Bulk Tank Milk","ERX3170454","SAMEA5320148","Ireland","Europe","Ireland","52.1636? N","8.2629? W","TEAGASC FOOD RESEARCH CENTRE",2019-02-20 17:03:20,2019-02-06 12:31:39,"public","Illumina MiSeq","metagenome","Farm Milk to Milk Powder 16S","PAIRED","PCR","METAGENOMIC","miscellaneous natural or artificial environment","food metagenome","ILLUMINA","farm to powder",2019-02-21,2019-02-23 10:45:00,1,"SAMEA5320148","T2F11","food metagenome","Illumina MiSeq","ERP113625","T2F11","ERR3141488",59446,59858,45820,21028,750
"ERR3141490","AMPLICON",502,73041502,"PRJEB31110","SAMEA5320150",43312974,"TEAGASC FOOD RESEARCH CENTRE","10/19/2016","public","fastq,run.zq,sra","ena,gs,ncbi,s3","ena,gs.us-east1,ncbi.public,s3.us-east-1","2/20/2019",2019-02-20 17:03:20,"2/10/2019",2019-02-06 12:31:39,"Food Processing","Dairy Processing","Bulk Tank Milk","ERX3170456","SAMEA5320150","Ireland","Europe","Ireland","52.1636? N","8.2629? W","TEAGASC FOOD RESEARCH CENTRE",2019-02-20 17:03:20,2019-02-06 12:31:39,"public","Illumina MiSeq","metagenome","Farm Milk to Milk Powder 16S","PAIRED","PCR","METAGENOMIC","miscellaneous natural or artificial environment","food metagenome","ILLUMINA","farm to powder",2019-02-21,2019-02-23 10:45:00,1,"SAMEA5320150","T2F13","food metagenome","Illumina MiSeq","ERP113625","T2F13","ERR3141490",90291,91035,76813,37409,942
"ERR3141491","AMPLICON",502,83226580,"PRJEB31110","SAMEA5320151",49485947,"TEAGASC FOOD RESEARCH CENTRE","10/19/2016","public","fastq,run.zq,sra","ena,gs,ncbi,s3","ena,gs.us-east1,ncbi.public,s3.us-east-1","2/20/2019",2019-02-20 17:03:20,"2/10/2019",2019-02-06 12:31:39,"Food Processing","Dairy Processing","Bulk Tank Milk","ERX3170457","SAMEA5320151","Ireland","Europe","Ireland","52.1636? N","8.2629? W","TEAGASC FOOD RESEARCH CENTRE",2019-02-20 17:03:20,2019-02-06 12:31:39,"public","Illumina MiSeq","metagenome","Farm Milk to Milk Powder 16S","PAIRED","PCR","METAGENOMIC","miscellaneous natural or artificial environment","food metagenome","ILLUMINA","farm to powder",2019-02-21,2019-02-23 10:45:00,1,"SAMEA5320151","T2F14","food metagenome","Illumina MiSeq","ERP113625","T2F14","ERR3141491",101023,101776,83703,43377,1003
"ERR3141492","AMPLICON",502,128084296,"PRJEB31110","SAMEA5320152",76840360,"TEAGASC FOOD RESEARCH CENTRE","10/19/2016","public","fastq,run.zq,sra","ena,gs,ncbi,s3","ena,gs.us-east1,ncbi.public,s3.us-east-1","2/20/2019",2019-02-20 17:03:20,"2/10/2019",2019-02-06 12:31:39,"Food Processing","Dairy Processing","Bulk Tank Milk","ERX3170458","SAMEA5320152","Ireland","Europe","Ireland","52.1636? N","8.2629? W","TEAGASC FOOD RESEARCH CENTRE",2019-02-20 17:03:20,2019-02-06 12:31:39,"public","Illumina MiSeq","metagenome","Farm Milk to Milk Powder 16S","PAIRED","PCR","METAGENOMIC","miscellaneous natural or artificial environment","food metagenome","ILLUMINA","farm to powder",2019-02-21,2019-02-23 10:45:00,1,"SAMEA5320152","T2F15","food metagenome","Illumina MiSeq","ERP113625","T2F15","ERR3141492",155839,156279,137560,99293,913
"ERR3141493","AMPLICON",502,81883730,"PRJEB31110","SAMEA5320153",48465410,"TEAGASC FOOD RESEARCH CENTRE","10/19/2016","public","fastq,run.zq,sra","ena,gs,ncbi,s3","ena,gs.us-east1,ncbi.public,s3.us-east-1","2/20/2019",2019-02-20 17:03:20,"2/10/2019",2019-02-06 12:31:39,"Food Processing","Dairy Processing","Bulk Tank Milk","ERX3170459","SAMEA5320153","Ireland","Europe","Ireland","52.1636? N","8.2629? W","TEAGASC FOOD RESEARCH CENTRE",2019-02-20 17:03:20,2019-02-06 12:31:39,"public","Illumina MiSeq","metagenome","Farm Milk to Milk Powder 16S","PAIRED","PCR","METAGENOMIC","miscellaneous natural or artificial environment","food metagenome","ILLUMINA","farm to powder",2019-02-21,2019-02-23 10:45:00,1,"SAMEA5320153","T2F16","food metagenome","Illumina MiSeq","ERP113625","T2F16","ERR3141493",103453,103640,97041,60948,610
"ERR3141494","AMPLICON",502,78314510,"PRJEB31110","SAMEA5320154",47775194,"TEAGASC FOOD RESEARCH CENTRE","10/19/2016","public","fastq,run.zq,sra","ena,gs,ncbi,s3","ena,gs.us-east1,ncbi.public,s3.us-east-1","2/20/2019",2019-02-20 17:03:20,"2/10/2019",2019-02-06 12:31:39,"Food Processing","Dairy Processing","Bulk Tank Milk","ERX3170460","SAMEA5320154","Ireland","Europe","Ireland","52.1636? N","8.2629? W","TEAGASC FOOD RESEARCH CENTRE",2019-02-20 17:03:20,2019-02-06 12:31:39,"public","Illumina MiSeq","metagenome","Farm Milk to Milk Powder 16S","PAIRED","PCR","METAGENOMIC","miscellaneous natural or artificial environment","food metagenome","ILLUMINA","farm to powder",2019-02-21,2019-02-23 10:45:00,1,"SAMEA5320154","T2F17","food metagenome","Illumina MiSeq","ERP113625","T2F17","ERR3141494",83638,84571,67437,35191,968
"ERR3141495","AMPLICON",502,96338820,"PRJEB31110","SAMEA5320155",58805060,"TEAGASC FOOD RESEARCH CENTRE","10/19/2016","public","fastq,run.zq,sra","ena,gs,ncbi,s3","ena,gs.us-east1,ncbi.public,s3.us-east-1","2/20/2019",2019-02-20 17:03:20,"2/10/2019",2019-02-06 12:31:39,"Food Processing","Dairy Processing","Bulk Tank Milk","ERX3170461","SAMEA5320155","Ireland","Europe","Ireland","52.1636? N","8.2629? W","TEAGASC FOOD RESEARCH CENTRE",2019-02-20 17:03:20,2019-02-06 12:31:39,"public","Illumina MiSeq","metagenome","Farm Milk to Milk Powder 16S","PAIRED","PCR","METAGENOMIC","miscellaneous natural or artificial environment","food metagenome","ILLUMINA","farm to powder",2019-02-21,2019-02-23 10:45:00,1,"SAMEA5320155","T2F18","food metagenome","Illumina MiSeq","ERP113625","T2F18","ERR3141495",109321,109394,96312,46651,908
"ERR3141497","AMPLICON",502,94525094,"PRJEB31110","SAMEA5320157",56706229,"TEAGASC FOOD RESEARCH CENTRE","10/19/2016","public","fastq,run.zq,sra","ena,gs,ncbi,s3","ena,gs.us-east1,ncbi.public,s3.us-east-1","2/20/2019",2019-02-20 17:03:20,"2/10/2019",2019-02-06 12:31:39,"Food Processing","Dairy Processing","Bulk Tank Milk","ERX3170463","SAMEA5320157","Ireland","Europe","Ireland","52.1636? N","8.2629? W","TEAGASC FOOD RESEARCH CENTRE",2019-02-20 17:03:20,2019-02-06 12:31:39,"public","Illumina MiSeq","metagenome","Farm Milk to Milk Powder 16S","PAIRED","PCR","METAGENOMIC","miscellaneous natural or artificial environment","food metagenome","ILLUMINA","farm to powder",2019-02-21,2019-02-23 10:46:00,1,"SAMEA5320157","T2F2","food metagenome","Illumina MiSeq","ERP113625","T2F2","ERR3141497",113578,114034,104868,46855,661
"ERR3141498","AMPLICON",502,122235996,"PRJEB31110","SAMEA5320158",74222380,"TEAGASC FOOD RESEARCH CENTRE","10/19/2016","public","fastq,run.zq,sra","ena,gs,ncbi,s3","ena,gs.us-east1,ncbi.public,s3.us-east-1","2/20/2019",2019-02-20 17:03:20,"2/10/2019",2019-02-06 12:31:39,"Food Processing","Dairy Processing","Bulk Tank Milk","ERX3170464","SAMEA5320158","Ireland","Europe","Ireland","52.1636? N","8.2629? W","TEAGASC FOOD RESEARCH CENTRE",2019-02-20 17:03:20,2019-02-06 12:31:39,"public","Illumina MiSeq","metagenome","Farm Milk to Milk Powder 16S","PAIRED","PCR","METAGENOMIC","miscellaneous natural or artificial environment","food metagenome","ILLUMINA","farm to powder",2019-02-21,2019-02-23 10:46:00,1,"SAMEA5320158","T2F20","food metagenome","Illumina MiSeq","ERP113625","T2F20","ERR3141498",139245,140299,116533,61164,1319
"ERR3141499","AMPLICON",502,112615166,"PRJEB31110","SAMEA5320159",67810799,"TEAGASC FOOD RESEARCH CENTRE","10/19/2016","public","fastq,run.zq,sra","ena,gs,ncbi,s3","ena,gs.us-east1,ncbi.public,s3.us-east-1","2/20/2019",2019-02-20 17:03:20,"2/10/2019",2019-02-06 12:31:39,"Food Processing","Dairy Processing","Bulk Tank Milk","ERX3170465","SAMEA5320159","Ireland","Europe","Ireland","52.1636? N","8.2629? W","TEAGASC FOOD RESEARCH CENTRE",2019-02-20 17:03:20,2019-02-06 12:31:39,"public","Illumina MiSeq","metagenome","Farm Milk to Milk Powder 16S","PAIRED","PCR","METAGENOMIC","miscellaneous natural or artificial environment","food metagenome","ILLUMINA","farm to powder",2019-02-21,2019-02-23 10:46:00,1,"SAMEA5320159","T2F21","food metagenome","Illumina MiSeq","ERP113625","T2F21","ERR3141499",135745,136143,128968,66590,497
"ERR3141500","AMPLICON",502,75899388,"PRJEB31110","SAMEA5320160",45098296,"TEAGASC FOOD RESEARCH CENTRE","10/19/2016","public","fastq,run.zq,sra","ena,gs,ncbi,s3","ena,gs.us-east1,ncbi.public,s3.us-east-1","2/20/2019",2019-02-20 17:03:20,"2/10/2019",2019-02-06 12:31:39,"Food Processing","Dairy Processing","Bulk Tank Milk","ERX3170466","SAMEA5320160","Ireland","Europe","Ireland","52.1636? N","8.2629? W","TEAGASC FOOD RESEARCH CENTRE",2019-02-20 17:03:20,2019-02-06 12:31:39,"public","Illumina MiSeq","metagenome","Farm Milk to Milk Powder 16S","PAIRED","PCR","METAGENOMIC","miscellaneous natural or artificial environment","food metagenome","ILLUMINA","farm to powder",2019-02-21,2019-02-23 10:46:00,1,"SAMEA5320160","T2F22","food metagenome","Illumina MiSeq","ERP113625","T2F22","ERR3141500",92244,93052,80059,35197,820
"ERR3141502","AMPLICON",502,68422600,"PRJEB31110","SAMEA5320162",40407004,"TEAGASC FOOD RESEARCH CENTRE","10/19/2016","public","fastq,run.zq,sra","ena,gs,ncbi,s3","ena,gs.us-east1,ncbi.public,s3.us-east-1","2/20/2019",2019-02-20 17:03:20,"2/10/2019",2019-02-06 12:31:39,"Food Processing","Dairy Processing","Bulk Tank Milk","ERX3170468","SAMEA5320162","Ireland","Europe","Ireland","52.1636? N","8.2629? W","TEAGASC FOOD RESEARCH CENTRE",2019-02-20 17:03:20,2019-02-06 12:31:39,"public","Illumina MiSeq","metagenome","Farm Milk to Milk Powder 16S","PAIRED","PCR","METAGENOMIC","miscellaneous natural or artificial environment","food metagenome","ILLUMINA","farm to powder",2019-02-21,2019-02-23 10:46:00,1,"SAMEA5320162","T2F24","food metagenome","Illumina MiSeq","ERP113625","T2F24","ERR3141502",84881,85628,72248,46854,843
"ERR3141503","AMPLICON",502,63655106,"PRJEB31110","SAMEA5320163",40793744,"TEAGASC FOOD RESEARCH CENTRE","10/19/2016","public","fastq,run.zq,sra","ena,gs,ncbi,s3","ena,gs.us-east1,ncbi.public,s3.us-east-1","2/20/2019",2019-02-20 17:03:20,"2/10/2019",2019-02-06 12:31:39,"Food Processing","Dairy Processing","Bulk Tank Milk","ERX3170469","SAMEA5320163","Ireland","Europe","Ireland","52.1636? N","8.2629? W","TEAGASC FOOD RESEARCH CENTRE",2019-02-20 17:03:20,2019-02-06 12:31:39,"public","Illumina MiSeq","metagenome","Farm Milk to Milk Powder 16S","PAIRED","PCR","METAGENOMIC","miscellaneous natural or artificial environment","food metagenome","ILLUMINA","farm to powder",2019-02-21,2019-02-23 10:46:00,1,"SAMEA5320163","T2F25","food metagenome","Illumina MiSeq","ERP113625","T2F25","ERR3141503",53241,53419,44077,21026,451
"ERR3141504","AMPLICON",502,49743180,"PRJEB31110","SAMEA5320164",29624957,"TEAGASC FOOD RESEARCH CENTRE","10/19/2016","public","fastq,run.zq,sra","ena,gs,ncbi,s3","ena,gs.us-east1,ncbi.public,s3.us-east-1","2/20/2019",2019-02-20 17:03:20,"2/10/2019",2019-02-06 12:31:39,"Food Processing","Dairy Processing","Bulk Tank Milk","ERX3170470","SAMEA5320164","Ireland","Europe","Ireland","52.1636? N","8.2629? W","TEAGASC FOOD RESEARCH CENTRE",2019-02-20 17:03:20,2019-02-06 12:31:39,"public","Illumina MiSeq","metagenome","Farm Milk to Milk Powder 16S","PAIRED","PCR","METAGENOMIC","miscellaneous natural or artificial environment","food metagenome","ILLUMINA","farm to powder",2019-02-21,2019-02-23 10:46:00,1,"SAMEA5320164","T2F26","food metagenome","Illumina MiSeq","ERP113625","T2F26","ERR3141504",63450,63478,59880,51621,124
"ERR3141505","AMPLICON",502,85664794,"PRJEB31110","SAMEA5320165",50975924,"TEAGASC FOOD RESEARCH CENTRE","10/19/2016","public","fastq,run.zq,sra","ena,gs,ncbi,s3","ena,gs.us-east1,ncbi.public,s3.us-east-1","2/20/2019",2019-02-20 17:03:20,"2/10/2019",2019-02-06 12:31:39,"Food Processing","Dairy Processing","Bulk Tank Milk","ERX3170471","SAMEA5320165","Ireland","Europe","Ireland","52.1636? N","8.2629? W","TEAGASC FOOD RESEARCH CENTRE",2019-02-20 17:03:20,2019-02-06 12:31:39,"public","Illumina MiSeq","metagenome","Farm Milk to Milk Powder 16S","PAIRED","PCR","METAGENOMIC","miscellaneous natural or artificial environment","food metagenome","ILLUMINA","farm to powder",2019-02-21,2019-02-23 10:46:00,1,"SAMEA5320165","T2F27","food metagenome","Illumina MiSeq","ERP113625","T2F27","ERR3141505",108530,108679,101775,48807,301
"ERR3141506","AMPLICON",502,71209202,"PRJEB31110","SAMEA5320166",41019059,"TEAGASC FOOD RESEARCH CENTRE","10/19/2016","public","fastq,run.zq,sra","ena,gs,ncbi,s3","ena,gs.us-east1,ncbi.public,s3.us-east-1","2/20/2019",2019-02-20 17:03:20,"2/10/2019",2019-02-06 12:31:39,"Food Processing","Dairy Processing","Bulk Tank Milk","ERX3170472","SAMEA5320166","Ireland","Europe","Ireland","52.1636? N","8.2629? W","TEAGASC FOOD RESEARCH CENTRE",2019-02-20 17:03:20,2019-02-06 12:31:39,"public","Illumina MiSeq","metagenome","Farm Milk to Milk Powder 16S","PAIRED","PCR","METAGENOMIC","miscellaneous natural or artificial environment","food metagenome","ILLUMINA","farm to powder",2019-02-21,2019-02-23 10:46:00,1,"SAMEA5320166","T2F28","food metagenome","Illumina MiSeq","ERP113625","T2F28","ERR3141506",96354,96563,86624,67516,663
"ERR3141507","AMPLICON",502,99183152,"PRJEB31110","SAMEA5320167",57265876,"TEAGASC FOOD RESEARCH CENTRE","10/19/2016","public","fastq,run.zq,sra","ena,gs,ncbi,s3","ena,gs.us-east1,ncbi.public,s3.us-east-1","2/20/2019",2019-02-20 17:03:20,"2/10/2019",2019-02-06 12:31:39,"Food Processing","Dairy Processing","Bulk Tank Milk","ERX3170473","SAMEA5320167","Ireland","Europe","Ireland","52.1636? N","8.2629? W","TEAGASC FOOD RESEARCH CENTRE",2019-02-20 17:03:20,2019-02-06 12:31:39,"public","Illumina MiSeq","metagenome","Farm Milk to Milk Powder 16S","PAIRED","PCR","METAGENOMIC","miscellaneous natural or artificial environment","food metagenome","ILLUMINA","farm to powder",2019-02-21,2019-02-23 10:46:00,1,"SAMEA5320167","T2F29","food metagenome","Illumina MiSeq","ERP113625","T2F29","ERR3141507",131701,132430,117069,88242,761
"ERR3141508","AMPLICON",502,122417720,"PRJEB31110","SAMEA5320169",73375846,"TEAGASC FOOD RESEARCH CENTRE","10/19/2016","public","fastq,run.zq,sra","ena,gs,ncbi,s3","ena,gs.us-east1,ncbi.public,s3.us-east-1","2/20/2019",2019-02-20 17:03:20,"2/10/2019",2019-02-06 12:31:39,"Food Processing","Dairy Processing","Bulk Tank Milk","ERX3170474","SAMEA5320169","Ireland","Europe","Ireland","52.1636? N","8.2629? W","TEAGASC FOOD RESEARCH CENTRE",2019-02-20 17:03:20,2019-02-06 12:31:39,"public","Illumina MiSeq","metagenome","Farm Milk to Milk Powder 16S","PAIRED","PCR","METAGENOMIC","miscellaneous natural or artificial environment","food metagenome","ILLUMINA","farm to powder",2019-02-21,2019-02-23 10:46:00,1,"SAMEA5320169","T2F3","food metagenome","Illumina MiSeq","ERP113625","T2F3","ERR3141508",144396,145837,118654,63383,1548
"ERR3141509","AMPLICON",502,116853050,"PRJEB31110","SAMEA5320170",70372330,"TEAGASC FOOD RESEARCH CENTRE","10/19/2016","public","fastq,run.zq,sra","ena,gs,ncbi,s3","ena,gs.us-east1,ncbi.public,s3.us-east-1","2/20/2019",2019-02-20 17:03:20,"2/10/2019",2019-02-06 12:31:39,"Food Processing","Dairy Processing","Bulk Tank Milk","ERX3170475","SAMEA5320170","Ireland","Europe","Ireland","52.1636? N","8.2629? W","TEAGASC FOOD RESEARCH CENTRE",2019-02-20 17:03:20,2019-02-06 12:31:39,"public","Illumina MiSeq","metagenome","Farm Milk to Milk Powder 16S","PAIRED","PCR","METAGENOMIC","miscellaneous natural or artificial environment","food metagenome","ILLUMINA","farm to powder",2019-02-21,2019-02-23 10:46:00,1,"SAMEA5320170","T2F30","food metagenome","Illumina MiSeq","ERP113625","T2F30","ERR3141509",134151,134941,116702,79634,849
"ERR3141510","AMPLICON",502,151693858,"PRJEB31110","SAMEA5320171",90013552,"TEAGASC FOOD RESEARCH CENTRE","10/19/2016","public","fastq,run.zq,sra","ena,gs,ncbi,s3","ena,gs.us-east1,ncbi.public,s3.us-east-1","2/20/2019",2019-02-20 17:03:20,"2/10/2019",2019-02-06 12:31:39,"Food Processing","Dairy Processing","Bulk Tank Milk","ERX3170476","SAMEA5320171","Ireland","Europe","Ireland","52.1636? N","8.2629? W","TEAGASC FOOD RESEARCH CENTRE",2019-02-20 17:03:20,2019-02-06 12:31:39,"public","Illumina MiSeq","metagenome","Farm Milk to Milk Powder 16S","PAIRED","PCR","METAGENOMIC","miscellaneous natural or artificial environment","food metagenome","ILLUMINA","farm to powder",2019-02-21,2019-02-23 10:46:00,1,"SAMEA5320171","T2F31","food metagenome","Illumina MiSeq","ERP113625","T2F31","ERR3141510",186782,188606,160113,70819,1422
"ERR3141511","AMPLICON",502,93667678,"PRJEB31110","SAMEA5320172",56887161,"TEAGASC FOOD RESEARCH CENTRE","10/19/2016","public","fastq,run.zq,sra","ena,gs,ncbi,s3","ena,gs.us-east1,ncbi.public,s3.us-east-1","2/20/2019",2019-02-20 17:03:20,"2/10/2019",2019-02-06 12:31:39,"Food Processing","Dairy Processing","Bulk Tank Milk","ERX3170477","SAMEA5320172","Ireland","Europe","Ireland","52.1636? N","8.2629? W","TEAGASC FOOD RESEARCH CENTRE",2019-02-20 17:03:20,2019-02-06 12:31:39,"public","Illumina MiSeq","metagenome","Farm Milk to Milk Powder 16S","PAIRED","PCR","METAGENOMIC","miscellaneous natural or artificial environment","food metagenome","ILLUMINA","farm to powder",2019-02-21,2019-02-23 10:47:00,1,"SAMEA5320172","T2F32","food metagenome","Illumina MiSeq","ERP113625","T2F32","ERR3141511",106435,106684,89233,59988,893
"ERR3141512","AMPLICON",502,48719602,"PRJEB31110","SAMEA5320173",29652025,"TEAGASC FOOD RESEARCH CENTRE","10/19/2016","public","fastq,run.zq,sra","ena,gs,ncbi,s3","ena,gs.us-east1,ncbi.public,s3.us-east-1","2/20/2019",2019-02-20 17:03:20,"2/10/2019",2019-02-06 12:31:39,"Food Processing","Dairy Processing","Bulk Tank Milk","ERX3170478","SAMEA5320173","Ireland","Europe","Ireland","52.1636? N","8.2629? W","TEAGASC FOOD RESEARCH CENTRE",2019-02-20 17:03:20,2019-02-06 12:31:39,"public","Illumina MiSeq","metagenome","Farm Milk to Milk Powder 16S","PAIRED","PCR","METAGENOMIC","miscellaneous natural or artificial environment","food metagenome","ILLUMINA","farm to powder",2019-02-21,2019-02-23 10:47:00,1,"SAMEA5320173","T2F33","food metagenome","Illumina MiSeq","ERP113625","T2F33","ERR3141512",53518,53616,46485,34869,331
"ERR3141513","AMPLICON",502,90714914,"PRJEB31110","SAMEA5320174",52953082,"TEAGASC FOOD RESEARCH CENTRE","10/19/2016","public","fastq,run.zq,sra","ena,gs,ncbi,s3","ena,gs.us-east1,ncbi.public,s3.us-east-1","2/20/2019",2019-02-20 17:03:20,"2/10/2019",2019-02-06 12:31:39,"Food Processing","Dairy Processing","Bulk Tank Milk","ERX3170479","SAMEA5320174","Ireland","Europe","Ireland","52.1636? N","8.2629? W","TEAGASC FOOD RESEARCH CENTRE",2019-02-20 17:03:20,2019-02-06 12:31:39,"public","Illumina MiSeq","metagenome","Farm Milk to Milk Powder 16S","PAIRED","PCR","METAGENOMIC","miscellaneous natural or artificial environment","food metagenome","ILLUMINA","farm to powder",2019-02-21,2019-02-23 10:47:00,1,"SAMEA5320174","T2F34","food metagenome","Illumina MiSeq","ERP113625","T2F34","ERR3141513",116955,117699,99434,63152,1019
"ERR3141514","AMPLICON",502,109582584,"PRJEB31110","SAMEA5320175",64907710,"TEAGASC FOOD RESEARCH CENTRE","10/19/2016","public","fastq,run.zq,sra","ena,gs,ncbi,s3","ena,gs.us-east1,ncbi.public,s3.us-east-1","2/20/2019",2019-02-20 17:03:20,"2/10/2019",2019-02-06 12:31:39,"Food Processing","Dairy Processing","Bulk Tank Milk","ERX3170480","SAMEA5320175","Ireland","Europe","Ireland","52.1636? N","8.2629? W","TEAGASC FOOD RESEARCH CENTRE",2019-02-20 17:03:20,2019-02-06 12:31:39,"public","Illumina MiSeq","metagenome","Farm Milk to Milk Powder 16S","PAIRED","PCR","METAGENOMIC","miscellaneous natural or artificial environment","food metagenome","ILLUMINA","farm to powder",2019-02-21,2019-02-23 10:47:00,1,"SAMEA5320175","T2F35","food metagenome","Illumina MiSeq","ERP113625","T2F35","ERR3141514",132374,133812,106706,51523,1539
"ERR3141515","AMPLICON",502,98303648,"PRJEB31110","SAMEA5320176",59390128,"TEAGASC FOOD RESEARCH CENTRE","10/19/2016","public","fastq,run.zq,sra","ena,gs,ncbi,s3","ena,gs.us-east1,ncbi.public,s3.us-east-1","2/20/2019",2019-02-20 17:03:20,"2/10/2019",2019-02-06 12:31:39,"Food Processing","Dairy Processing","Bulk Tank Milk","ERX3170481","SAMEA5320176","Ireland","Europe","Ireland","52.1636? N","8.2629? W","TEAGASC FOOD RESEARCH CENTRE",2019-02-20 17:03:20,2019-02-06 12:31:39,"public","Illumina MiSeq","metagenome","Farm Milk to Milk Powder 16S","PAIRED","PCR","METAGENOMIC","miscellaneous natural or artificial environment","food metagenome","ILLUMINA","farm to powder",2019-02-21,2019-02-23 10:47:00,1,"SAMEA5320176","T2F36","food metagenome","Illumina MiSeq","ERP113625","T2F36","ERR3141515",116011,116297,100276,64631,993
"ERR3141516","AMPLICON",502,108088130,"PRJEB31110","SAMEA5320177",64719960,"TEAGASC FOOD RESEARCH CENTRE","10/19/2016","public","fastq,run.zq,sra","ena,gs,ncbi,s3","ena,gs.us-east1,ncbi.public,s3.us-east-1","2/20/2019",2019-02-20 17:03:20,"2/10/2019",2019-02-06 12:31:39,"Food Processing","Dairy Processing","Bulk Tank Milk","ERX3170482","SAMEA5320177","Ireland","Europe","Ireland","52.1636? N","8.2629? W","TEAGASC FOOD RESEARCH CENTRE",2019-02-20 17:03:20,2019-02-06 12:31:39,"public","Illumina MiSeq","metagenome","Farm Milk to Milk Powder 16S","PAIRED","PCR","METAGENOMIC","miscellaneous natural or artificial environment","food metagenome","ILLUMINA","farm to powder",2019-02-21,2019-02-23 10:47:00,1,"SAMEA5320177","T2F37","food metagenome","Illumina MiSeq","ERP113625","T2F37","ERR3141516",130568,131912,104167,52248,1425
"ERR3141517","AMPLICON",502,101953188,"PRJEB31110","SAMEA5320178",61253203,"TEAGASC FOOD RESEARCH CENTRE","10/19/2016","public","fastq,run.zq,sra","ena,gs,ncbi,s3","ena,gs.us-east1,ncbi.public,s3.us-east-1","2/20/2019",2019-02-20 17:03:20,"2/10/2019",2019-02-06 12:31:39,"Food Processing","Dairy Processing","Bulk Tank Milk","ERX3170483","SAMEA5320178","Ireland","Europe","Ireland","52.1636? N","8.2629? W","TEAGASC FOOD RESEARCH CENTRE",2019-02-20 17:03:20,2019-02-06 12:31:39,"public","Illumina MiSeq","metagenome","Farm Milk to Milk Powder 16S","PAIRED","PCR","METAGENOMIC","miscellaneous natural or artificial environment","food metagenome","ILLUMINA","farm to powder",2019-02-21,2019-02-23 10:47:00,1,"SAMEA5320178","T2F38","food metagenome","Illumina MiSeq","ERP113625","T2F38","ERR3141517",123643,124235,110562,64595,878
"ERR3141518","AMPLICON",502,112245694,"PRJEB31110","SAMEA5320179",66854644,"TEAGASC FOOD RESEARCH CENTRE","10/19/2016","public","fastq,run.zq,sra","ena,gs,ncbi,s3","ena,gs.us-east1,ncbi.public,s3.us-east-1","2/20/2019",2019-02-20 17:03:20,"2/10/2019",2019-02-06 12:31:39,"Food Processing","Dairy Processing","Bulk Tank Milk","ERX3170484","SAMEA5320179","Ireland","Europe","Ireland","52.1636? N","8.2629? W","TEAGASC FOOD RESEARCH CENTRE",2019-02-20 17:03:20,2019-02-06 12:31:39,"public","Illumina MiSeq","metagenome","Farm Milk to Milk Powder 16S","PAIRED","PCR","METAGENOMIC","miscellaneous natural or artificial environment","food metagenome","ILLUMINA","farm to powder",2019-02-21,2019-02-23 10:47:00,1,"SAMEA5320179","T2F39","food metagenome","Illumina MiSeq","ERP113625","T2F39","ERR3141518",139028,140722,119730,62237,1068
"ERR3141519","AMPLICON",502,63001000,"PRJEB31110","SAMEA5320180",36708353,"TEAGASC FOOD RESEARCH CENTRE","10/19/2016","public","fastq,run.zq,sra","ena,gs,ncbi,s3","ena,gs.us-east1,ncbi.public,s3.us-east-1","2/20/2019",2019-02-20 17:03:20,"2/10/2019",2019-02-06 12:31:39,"Food Processing","Dairy Processing","Bulk Tank Milk","ERX3170485","SAMEA5320180","Ireland","Europe","Ireland","52.1636? N","8.2629? W","TEAGASC FOOD RESEARCH CENTRE",2019-02-20 17:03:20,2019-02-06 12:31:39,"public","Illumina MiSeq","metagenome","Farm Milk to Milk Powder 16S","PAIRED","PCR","METAGENOMIC","miscellaneous natural or artificial environment","food metagenome","ILLUMINA","farm to powder",2019-02-21,2019-02-23 10:47:00,1,"SAMEA5320180","T2F4","food metagenome","Illumina MiSeq","ERP113625","T2F4","ERR3141519",80627,81364,69330,44038,836
"ERR3141520","AMPLICON",502,50738646,"PRJEB31110","SAMEA5320181",31403155,"TEAGASC FOOD RESEARCH CENTRE","10/19/2016","public","fastq,run.zq,sra","ena,gs,ncbi,s3","ena,gs.us-east1,ncbi.public,s3.us-east-1","2/20/2019",2019-02-20 17:03:20,"2/10/2019",2019-02-06 12:31:39,"Food Processing","Dairy Processing","Bulk Tank Milk","ERX3170486","SAMEA5320181","Ireland","Europe","Ireland","52.1636? N","8.2629? W","TEAGASC FOOD RESEARCH CENTRE",2019-02-20 17:03:20,2019-02-06 12:31:39,"public","Illumina MiSeq","metagenome","Farm Milk to Milk Powder 16S","PAIRED","PCR","METAGENOMIC","miscellaneous natural or artificial environment","food metagenome","ILLUMINA","farm to powder",2019-02-21,2019-02-23 10:47:00,1,"SAMEA5320181","T2F40","food metagenome","Illumina MiSeq","ERP113625","T2F40","ERR3141520",52388,53046,41073,20103,575
"ERR3141521","AMPLICON",502,126703294,"PRJEB31110","SAMEA5320182",75460952,"TEAGASC FOOD RESEARCH CENTRE","10/19/2016","public","fastq,run.zq,sra","ena,gs,ncbi,s3","ena,gs.us-east1,ncbi.public,s3.us-east-1","2/20/2019",2019-02-20 17:03:20,"2/10/2019",2019-02-06 12:31:39,"Food Processing","Dairy Processing","Bulk Tank Milk","ERX3170487","SAMEA5320182","Ireland","Europe","Ireland","52.1636? N","8.2629? W","TEAGASC FOOD RESEARCH CENTRE",2019-02-20 17:03:20,2019-02-06 12:31:39,"public","Illumina MiSeq","metagenome","Farm Milk to Milk Powder 16S","PAIRED","PCR","METAGENOMIC","miscellaneous natural or artificial environment","food metagenome","ILLUMINA","farm to powder",2019-02-21,2019-02-23 10:48:00,1,"SAMEA5320182","T2F41","food metagenome","Illumina MiSeq","ERP113625","T2F41","ERR3141521",162215,163892,145929,68375,801
"ERR3141522","AMPLICON",502,78770828,"PRJEB31110","SAMEA5320183",47115503,"TEAGASC FOOD RESEARCH CENTRE","10/19/2016","public","fastq,run.zq,sra","ena,gs,ncbi,s3","ena,gs.us-east1,ncbi.public,s3.us-east-1","2/20/2019",2019-02-20 17:03:20,"2/10/2019",2019-02-06 12:31:39,"Food Processing","Dairy Processing","Bulk Tank Milk","ERX3170488","SAMEA5320183","Ireland","Europe","Ireland","52.1636? N","8.2629? W","TEAGASC FOOD RESEARCH CENTRE",2019-02-20 17:03:20,2019-02-06 12:31:39,"public","Illumina MiSeq","metagenome","Farm Milk to Milk Powder 16S","PAIRED","PCR","METAGENOMIC","miscellaneous natural or artificial environment","food metagenome","ILLUMINA","farm to powder",2019-02-21,2019-02-23 10:47:00,1,"SAMEA5320183","T2F42","food metagenome","Illumina MiSeq","ERP113625","T2F42","ERR3141522",94105,95329,75995,36134,1094
"ERR3141523","AMPLICON",502,96197256,"PRJEB31110","SAMEA5320184",57301382,"TEAGASC FOOD RESEARCH CENTRE","10/19/2016","public","fastq,run.zq,sra","ena,gs,ncbi,s3","ena,gs.us-east1,ncbi.public,s3.us-east-1","2/20/2019",2019-02-20 17:03:20,"2/10/2019",2019-02-06 12:31:39,"Food Processing","Dairy Processing","Bulk Tank Milk","ERX3170489","SAMEA5320184","Ireland","Europe","Ireland","52.1636? N","8.2629? W","TEAGASC FOOD RESEARCH CENTRE",2019-02-20 17:03:20,2019-02-06 12:31:39,"public","Illumina MiSeq","metagenome","Farm Milk to Milk Powder 16S","PAIRED","PCR","METAGENOMIC","miscellaneous natural or artificial environment","food metagenome","ILLUMINA","farm to powder",2019-02-21,2019-02-23 10:47:00,1,"SAMEA5320184","T2F43","food metagenome","Illumina MiSeq","ERP113625","T2F43","ERR3141523",119439,119801,105908,57870,794
"ERR3141524","AMPLICON",502,118444390,"PRJEB31110","SAMEA5320185",72025995,"TEAGASC FOOD RESEARCH CENTRE","10/19/2016","public","fastq,run.zq,sra","ena,gs,ncbi,s3","ena,gs.us-east1,ncbi.public,s3.us-east-1","2/20/2019",2019-02-20 17:03:20,"2/10/2019",2019-02-06 12:31:39,"Food Processing","Dairy Processing","Bulk Tank Milk","ERX3170490","SAMEA5320185","Ireland","Europe","Ireland","52.1636? N","8.2629? W","TEAGASC FOOD RESEARCH CENTRE",2019-02-20 17:03:20,2019-02-06 12:31:39,"public","Illumina MiSeq","metagenome","Farm Milk to Milk Powder 16S","PAIRED","PCR","METAGENOMIC","miscellaneous natural or artificial environment","food metagenome","ILLUMINA","farm to powder",2019-02-21,2019-02-23 10:48:00,1,"SAMEA5320185","T2F44","food metagenome","Illumina MiSeq","ERP113625","T2F44","ERR3141524",130857,132300,107842,61980,1134
"ERR3141525","AMPLICON",502,143658846,"PRJEB31110","SAMEA5320186",85037255,"TEAGASC FOOD RESEARCH CENTRE","10/19/2016","public","fastq,run.zq,sra","ena,gs,ncbi,s3","ena,gs.us-east1,ncbi.public,s3.us-east-1","2/20/2019",2019-02-20 17:03:20,"2/10/2019",2019-02-06 12:31:39,"Food Processing","Dairy Processing","Bulk Tank Milk","ERX3170491","SAMEA5320186","Ireland","Europe","Ireland","52.1636? N","8.2629? W","TEAGASC FOOD RESEARCH CENTRE",2019-02-20 17:03:20,2019-02-06 12:31:39,"public","Illumina MiSeq","metagenome","Farm Milk to Milk Powder 16S","PAIRED","PCR","METAGENOMIC","miscellaneous natural or artificial environment","food metagenome","ILLUMINA","farm to powder",2019-02-21,2019-02-23 10:47:00,1,"SAMEA5320186","T2F45","food metagenome","Illumina MiSeq","ERP113625","T2F45","ERR3141525",182448,183158,158426,103838,1532
"ERR3141526","AMPLICON",502,120153198,"PRJEB31110","SAMEA5320187",71537673,"TEAGASC FOOD RESEARCH CENTRE","10/19/2016","public","fastq,run.zq,sra","ena,gs,ncbi,s3","ena,gs.us-east1,ncbi.public,s3.us-east-1","2/20/2019",2019-02-20 17:03:20,"2/10/2019",2019-02-06 12:31:39,"Food Processing","Dairy Processing","Bulk Tank Milk","ERX3170492","SAMEA5320187","Ireland","Europe","Ireland","52.1636? N","8.2629? W","TEAGASC FOOD RESEARCH CENTRE",2019-02-20 17:03:20,2019-02-06 12:31:39,"public","Illumina MiSeq","metagenome","Farm Milk to Milk Powder 16S","PAIRED","PCR","METAGENOMIC","miscellaneous natural or artificial environment","food metagenome","ILLUMINA","farm to powder",2019-02-21,2019-02-23 10:48:00,1,"SAMEA5320187","T2F46","food metagenome","Illumina MiSeq","ERP113625","T2F46","ERR3141526",151014,153451,132536,71273,923
"ERR3141527","AMPLICON",502,46922944,"PRJEB31110","SAMEA5320188",28912936,"TEAGASC FOOD RESEARCH CENTRE","10/19/2016","public","fastq,run.zq,sra","ena,gs,ncbi,s3","ena,gs.us-east1,ncbi.public,s3.us-east-1","2/20/2019",2019-02-20 17:03:20,"2/10/2019",2019-02-06 12:31:39,"Food Processing","Dairy Processing","Bulk Tank Milk","ERX3170493","SAMEA5320188","Ireland","Europe","Ireland","52.1636? N","8.2629? W","TEAGASC FOOD RESEARCH CENTRE",2019-02-20 17:03:20,2019-02-06 12:31:39,"public","Illumina MiSeq","metagenome","Farm Milk to Milk Powder 16S","PAIRED","PCR","METAGENOMIC","miscellaneous natural or artificial environment","food metagenome","ILLUMINA","farm to powder",2019-02-21,2019-02-23 10:48:00,1,"SAMEA5320188","T2F47","food metagenome","Illumina MiSeq","ERP113625","T2F47","ERR3141527",51869,52120,47741,25616,352
"ERR3141528","AMPLICON",502,115574958,"PRJEB31110","SAMEA5320189",68736143,"TEAGASC FOOD RESEARCH CENTRE","10/19/2016","public","fastq,run.zq,sra","ena,gs,ncbi,s3","ena,gs.us-east1,ncbi.public,s3.us-east-1","2/20/2019",2019-02-20 17:03:20,"2/10/2019",2019-02-06 12:31:39,"Food Processing","Dairy Processing","Bulk Tank Milk","ERX3170494","SAMEA5320189","Ireland","Europe","Ireland","52.1636? N","8.2629? W","TEAGASC FOOD RESEARCH CENTRE",2019-02-20 17:03:20,2019-02-06 12:31:39,"public","Illumina MiSeq","metagenome","Farm Milk to Milk Powder 16S","PAIRED","PCR","METAGENOMIC","miscellaneous natural or artificial environment","food metagenome","ILLUMINA","farm to powder",2019-02-21,2019-02-23 10:48:00,1,"SAMEA5320189","T2F48","food metagenome","Illumina MiSeq","ERP113625","T2F48","ERR3141528",143612,145145,116197,65008,1471
"ERR3141529","AMPLICON",502,122713900,"PRJEB31110","SAMEA5320190",74083123,"TEAGASC FOOD RESEARCH CENTRE","10/19/2016","public","fastq,run.zq,sra","ena,gs,ncbi,s3","ena,gs.us-east1,ncbi.public,s3.us-east-1","2/20/2019",2019-02-20 17:03:20,"2/10/2019",2019-02-06 12:31:39,"Food Processing","Dairy Processing","Bulk Tank Milk","ERX3170495","SAMEA5320190","Ireland","Europe","Ireland","52.1636? N","8.2629? W","TEAGASC FOOD RESEARCH CENTRE",2019-02-20 17:03:20,2019-02-06 12:31:39,"public","Illumina MiSeq","metagenome","Farm Milk to Milk Powder 16S","PAIRED","PCR","METAGENOMIC","miscellaneous natural or artificial environment","food metagenome","ILLUMINA","farm to powder",2019-02-21,2019-02-23 10:48:00,1,"SAMEA5320190","T2F49","food metagenome","Illumina MiSeq","ERP113625","T2F49","ERR3141529",145165,146131,128246,75301,1032
"ERR3141530","AMPLICON",502,98613884,"PRJEB31110","SAMEA5320191",61218629,"TEAGASC FOOD RESEARCH CENTRE","10/19/2016","public","fastq,run.zq,sra","ena,gs,ncbi,s3","ena,gs.us-east1,ncbi.public,s3.us-east-1","2/20/2019",2019-02-20 17:03:20,"2/10/2019",2019-02-06 12:31:39,"Food Processing","Dairy Processing","Bulk Tank Milk","ERX3170496","SAMEA5320191","Ireland","Europe","Ireland","52.1636? N","8.2629? W","TEAGASC FOOD RESEARCH CENTRE",2019-02-20 17:03:20,2019-02-06 12:31:39,"public","Illumina MiSeq","metagenome","Farm Milk to Milk Powder 16S","PAIRED","PCR","METAGENOMIC","miscellaneous natural or artificial environment","food metagenome","ILLUMINA","farm to powder",2019-02-21,2019-02-23 10:48:00,1,"SAMEA5320191","T2F5","food metagenome","Illumina MiSeq","ERP113625","T2F5","ERR3141530",98703,99007,78435,39827,901
"ERR3141531","AMPLICON",502,105425522,"PRJEB31110","SAMEA5320192",64252734,"TEAGASC FOOD RESEARCH CENTRE","10/19/2016","public","fastq,run.zq,sra","ena,gs,ncbi,s3","ena,gs.us-east1,ncbi.public,s3.us-east-1","2/20/2019",2019-02-20 17:03:20,"2/10/2019",2019-02-06 12:31:39,"Food Processing","Dairy Processing","Bulk Tank Milk","ERX3170497","SAMEA5320192","Ireland","Europe","Ireland","52.1636? N","8.2629? W","TEAGASC FOOD RESEARCH CENTRE",2019-02-20 17:03:20,2019-02-06 12:31:39,"public","Illumina MiSeq","metagenome","Farm Milk to Milk Powder 16S","PAIRED","PCR","METAGENOMIC","miscellaneous natural or artificial environment","food metagenome","ILLUMINA","farm to powder",2019-02-21,2019-02-23 10:48:00,1,"SAMEA5320192","T2F50","food metagenome","Illumina MiSeq","ERP113625","T2F50","ERR3141531",125897,126083,111663,64286,641
"ERR3141532","AMPLICON",502,74025924,"PRJEB31110","SAMEA5320193",44139159,"TEAGASC FOOD RESEARCH CENTRE","10/19/2016","public","fastq,run.zq,sra","ena,gs,ncbi,s3","ena,gs.us-east1,ncbi.public,s3.us-east-1","2/20/2019",2019-02-20 17:03:20,"2/10/2019",2019-02-06 12:31:40,"Food Processing","Dairy Processing","Bulk Tank Milk","ERX3170498","SAMEA5320193","Ireland","Europe","Ireland","52.1636? N","8.2629? W","TEAGASC FOOD RESEARCH CENTRE",2019-02-20 17:03:20,2019-02-06 12:31:40,"public","Illumina MiSeq","metagenome","Farm Milk to Milk Powder 16S","PAIRED","PCR","METAGENOMIC","miscellaneous natural or artificial environment","food metagenome","ILLUMINA","farm to powder",2019-02-21,2019-02-23 10:48:00,1,"SAMEA5320193","T2F51","food metagenome","Illumina MiSeq","ERP113625","T2F51","ERR3141532",92679,93516,82165,39497,593
"ERR3141533","AMPLICON",502,129939186,"PRJEB31110","SAMEA5320194",77991563,"TEAGASC FOOD RESEARCH CENTRE","10/19/2016","public","fastq,run.zq,sra","ena,gs,ncbi,s3","ena,gs.us-east1,ncbi.public,s3.us-east-1","2/20/2019",2019-02-20 17:03:20,"2/10/2019",2019-02-06 12:31:40,"Food Processing","Dairy Processing","Bulk Tank Milk","ERX3170499","SAMEA5320194","Ireland","Europe","Ireland","52.1636? N","8.2629? W","TEAGASC FOOD RESEARCH CENTRE",2019-02-20 17:03:20,2019-02-06 12:31:40,"public","Illumina MiSeq","metagenome","Farm Milk to Milk Powder 16S","PAIRED","PCR","METAGENOMIC","miscellaneous natural or artificial environment","food metagenome","ILLUMINA","farm to powder",2019-02-21,2019-02-23 10:49:00,1,"SAMEA5320194","T2F52","food metagenome","Illumina MiSeq","ERP113625","T2F52","ERR3141533",160476,161471,145104,72357,747
"ERR3141534","AMPLICON",502,105444096,"PRJEB31110","SAMEA5320195",63567167,"TEAGASC FOOD RESEARCH CENTRE","10/19/2016","public","fastq,run.zq,sra","ena,gs,ncbi,s3","ena,gs.us-east1,ncbi.public,s3.us-east-1","2/20/2019",2019-02-20 17:03:20,"2/10/2019",2019-02-06 12:31:40,"Food Processing","Dairy Processing","Bulk Tank Milk","ERX3170500","SAMEA5320195","Ireland","Europe","Ireland","52.1636? N","8.2629? W","TEAGASC FOOD RESEARCH CENTRE",2019-02-20 17:03:20,2019-02-06 12:31:40,"public","Illumina MiSeq","metagenome","Farm Milk to Milk Powder 16S","PAIRED","PCR","METAGENOMIC","miscellaneous natural or artificial environment","food metagenome","ILLUMINA","farm to powder",2019-02-21,2019-02-23 10:49:00,1,"SAMEA5320195","T2F53","food metagenome","Illumina MiSeq","ERP113625","T2F53","ERR3141534",125074,125969,104741,48234,1146
"ERR3141535","AMPLICON",502,58061320,"PRJEB31110","SAMEA5320196",36001081,"TEAGASC FOOD RESEARCH CENTRE","10/19/2016","public","fastq,run.zq,sra","ena,gs,ncbi,s3","ena,gs.us-east1,ncbi.public,s3.us-east-1","2/20/2019",2019-02-20 17:03:20,"2/10/2019",2019-02-06 12:31:40,"Food Processing","Dairy Processing","Bulk Tank Milk","ERX3170501","SAMEA5320196","Ireland","Europe","Ireland","52.1636? N","8.2629? W","TEAGASC FOOD RESEARCH CENTRE",2019-02-20 17:03:20,2019-02-06 12:31:40,"public","Illumina MiSeq","metagenome","Farm Milk to Milk Powder 16S","PAIRED","PCR","METAGENOMIC","miscellaneous natural or artificial environment","food metagenome","ILLUMINA","farm to powder",2019-02-21,2019-02-23 10:49:00,1,"SAMEA5320196","T2F54","food metagenome","Illumina MiSeq","ERP113625","T2F54","ERR3141535",56258,56632,41095,23166,595
"ERR3141536","AMPLICON",502,80887762,"PRJEB31110","SAMEA5320197",48966840,"TEAGASC FOOD RESEARCH CENTRE","10/19/2016","public","fastq,run.zq,sra","ena,gs,ncbi,s3","ena,gs.us-east1,ncbi.public,s3.us-east-1","2/20/2019",2019-02-20 17:03:20,"2/10/2019",2019-02-06 12:31:40,"Food Processing","Dairy Processing","Bulk Tank Milk","ERX3170502","SAMEA5320197","Ireland","Europe","Ireland","52.1636? N","8.2629? W","TEAGASC FOOD RESEARCH CENTRE",2019-02-20 17:03:20,2019-02-06 12:31:40,"public","Illumina MiSeq","metagenome","Farm Milk to Milk Powder 16S","PAIRED","PCR","METAGENOMIC","miscellaneous natural or artificial environment","food metagenome","ILLUMINA","farm to powder",2019-02-21,2019-02-23 10:49:00,1,"SAMEA5320197","T2F55","food metagenome","Illumina MiSeq","ERP113625","T2F55","ERR3141536",94487,95134,78546,34045,817
"ERR3141537","AMPLICON",502,64264032,"PRJEB31110","SAMEA5320198",40480153,"TEAGASC FOOD RESEARCH CENTRE","10/19/2016","public","fastq,run.zq,sra","ena,gs,ncbi,s3","ena,gs.us-east1,ncbi.public,s3.us-east-1","2/20/2019",2019-02-20 17:03:20,"2/10/2019",2019-02-06 12:31:40,"Food Processing","Dairy Processing","Bulk Tank Milk","ERX3170503","SAMEA5320198","Ireland","Europe","Ireland","52.1636? N","8.2629? W","TEAGASC FOOD RESEARCH CENTRE",2019-02-20 17:03:20,2019-02-06 12:31:40,"public","Illumina MiSeq","metagenome","Farm Milk to Milk Powder 16S","PAIRED","PCR","METAGENOMIC","miscellaneous natural or artificial environment","food metagenome","ILLUMINA","farm to powder",2019-02-21,2019-02-23 10:49:00,1,"SAMEA5320198","T2F56","food metagenome","Illumina MiSeq","ERP113625","T2F56","ERR3141537",67148,67067,57604,31710,699
"ERR3141538","AMPLICON",502,50257730,"PRJEB31110","SAMEA5320199",29617346,"TEAGASC FOOD RESEARCH CENTRE","10/19/2016","public","fastq,run.zq,sra","ena,gs,ncbi,s3","ena,gs.us-east1,ncbi.public,s3.us-east-1","2/20/2019",2019-02-20 17:03:20,"2/10/2019",2019-02-06 12:31:40,"Food Processing","Dairy Processing","Bulk Tank Milk","ERX3170504","SAMEA5320199","Ireland","Europe","Ireland","52.1636? N","8.2629? W","TEAGASC FOOD RESEARCH CENTRE",2019-02-20 17:03:20,2019-02-06 12:31:40,"public","Illumina MiSeq","metagenome","Farm Milk to Milk Powder 16S","PAIRED","PCR","METAGENOMIC","miscellaneous natural or artificial environment","food metagenome","ILLUMINA","farm to powder",2019-02-21,2019-02-23 10:49:00,1,"SAMEA5320199","T2F57","food metagenome","Illumina MiSeq","ERP113625","T2F57","ERR3141538",61896,62070,51601,25853,703
"ERR3141540","AMPLICON",502,39772456,"PRJEB31110","SAMEA5320201",22811366,"TEAGASC FOOD RESEARCH CENTRE","10/19/2016","public","fastq,run.zq,sra","ena,gs,ncbi,s3","ena,gs.us-east1,ncbi.public,s3.us-east-1","2/20/2019",2019-02-20 17:03:20,"2/10/2019",2019-02-06 12:31:40,"Food Processing","Dairy Processing","Bulk Tank Milk","ERX3170506","SAMEA5320201","Ireland","Europe","Ireland","52.1636? N","8.2629? W","TEAGASC FOOD RESEARCH CENTRE",2019-02-20 17:03:20,2019-02-06 12:31:40,"public","Illumina MiSeq","metagenome","Farm Milk to Milk Powder 16S","PAIRED","PCR","METAGENOMIC","miscellaneous natural or artificial environment","food metagenome","ILLUMINA","farm to powder",2019-02-21,2019-02-23 10:49:00,1,"SAMEA5320201","T2F59","food metagenome","Illumina MiSeq","ERP113625","T2F59","ERR3141540",51554,51523,45242,32751,499
"ERR3141541","AMPLICON",502,92978934,"PRJEB31110","SAMEA5320202",55668959,"TEAGASC FOOD RESEARCH CENTRE","10/19/2016","public","fastq,run.zq,sra","ena,gs,ncbi,s3","ena,gs.us-east1,ncbi.public,s3.us-east-1","2/20/2019",2019-02-20 17:03:20,"2/10/2019",2019-02-06 12:31:40,"Food Processing","Dairy Processing","Bulk Tank Milk","ERX3170507","SAMEA5320202","Ireland","Europe","Ireland","52.1636? N","8.2629? W","TEAGASC FOOD RESEARCH CENTRE",2019-02-20 17:03:20,2019-02-06 12:31:40,"public","Illumina MiSeq","metagenome","Farm Milk to Milk Powder 16S","PAIRED","PCR","METAGENOMIC","miscellaneous natural or artificial environment","food metagenome","ILLUMINA","farm to powder",2019-02-21,2019-02-23 10:49:00,1,"SAMEA5320202","T2F6","food metagenome","Illumina MiSeq","ERP113625","T2F6","ERR3141541",112917,113989,91902,42784,1052
"ERR3141542","AMPLICON",502,76646364,"PRJEB31110","SAMEA5320203",48768817,"TEAGASC FOOD RESEARCH CENTRE","10/19/2016","public","fastq,run.zq,sra","ena,gs,ncbi,s3","ena,gs.us-east1,ncbi.public,s3.us-east-1","2/20/2019",2019-02-20 17:03:20,"2/10/2019",2019-02-06 12:31:40,"Food Processing","Dairy Processing","Bulk Tank Milk","ERX3170508","SAMEA5320203","Ireland","Europe","Ireland","52.1636? N","8.2629? W","TEAGASC FOOD RESEARCH CENTRE",2019-02-20 17:03:20,2019-02-06 12:31:40,"public","Illumina MiSeq","metagenome","Farm Milk to Milk Powder 16S","PAIRED","PCR","METAGENOMIC","miscellaneous natural or artificial environment","food metagenome","ILLUMINA","farm to powder",2019-02-21,2019-02-23 10:49:00,1,"SAMEA5320203","T2F60","food metagenome","Illumina MiSeq","ERP113625","T2F60","ERR3141542",69787,70263,52938,35756,630
"ERR3141544","AMPLICON",502,85323434,"PRJEB31110","SAMEA5320205",50464803,"TEAGASC FOOD RESEARCH CENTRE","10/19/2016","public","fastq,run.zq,sra","ena,gs,ncbi,s3","ena,gs.us-east1,ncbi.public,s3.us-east-1","2/20/2019",2019-02-20 17:03:20,"2/10/2019",2019-02-06 12:31:40,"Food Processing","Dairy Processing","Bulk Tank Milk","ERX3170510","SAMEA5320205","Ireland","Europe","Ireland","52.1636? N","8.2629? W","TEAGASC FOOD RESEARCH CENTRE",2019-02-20 17:03:20,2019-02-06 12:31:40,"public","Illumina MiSeq","metagenome","Farm Milk to Milk Powder 16S","PAIRED","PCR","METAGENOMIC","miscellaneous natural or artificial environment","food metagenome","ILLUMINA","farm to powder",2019-02-21,2019-02-23 10:49:00,1,"SAMEA5320205","T2F62","food metagenome","Illumina MiSeq","ERP113625","T2F62","ERR3141544",109054,109635,95994,50444,890
"ERR3141545","AMPLICON",502,71809092,"PRJEB31110","SAMEA5320206",42460720,"TEAGASC FOOD RESEARCH CENTRE","10/19/2016","public","fastq,run.zq,sra","ena,gs,ncbi,s3","ena,gs.us-east1,ncbi.public,s3.us-east-1","2/20/2019",2019-02-20 17:03:20,"2/10/2019",2019-02-06 12:31:40,"Food Processing","Dairy Processing","Bulk Tank Milk","ERX3170511","SAMEA5320206","Ireland","Europe","Ireland","52.1636? N","8.2629? W","TEAGASC FOOD RESEARCH CENTRE",2019-02-20 17:03:20,2019-02-06 12:31:40,"public","Illumina MiSeq","metagenome","Farm Milk to Milk Powder 16S","PAIRED","PCR","METAGENOMIC","miscellaneous natural or artificial environment","food metagenome","ILLUMINA","farm to powder",2019-02-21,2019-02-23 10:50:00,1,"SAMEA5320206","T2F63","food metagenome","Illumina MiSeq","ERP113625","T2F63","ERR3141545",88673,89169,72626,37806,980
"ERR3141546","AMPLICON",502,52225068,"PRJEB31110","SAMEA5320207",32367236,"TEAGASC FOOD RESEARCH CENTRE","10/19/2016","public","fastq,run.zq,sra","ena,gs,ncbi,s3","ena,gs.us-east1,ncbi.public,s3.us-east-1","2/20/2019",2019-02-20 17:03:20,"2/10/2019",2019-02-06 12:31:40,"Food Processing","Dairy Processing","Bulk Tank Milk","ERX3170512","SAMEA5320207","Ireland","Europe","Ireland","52.1636? N","8.2629? W","TEAGASC FOOD RESEARCH CENTRE",2019-02-20 17:03:20,2019-02-06 12:31:40,"public","Illumina MiSeq","metagenome","Farm Milk to Milk Powder 16S","PAIRED","PCR","METAGENOMIC","miscellaneous natural or artificial environment","food metagenome","ILLUMINA","farm to powder",2019-02-21,2019-02-23 10:50:00,1,"SAMEA5320207","T2F64","food metagenome","Illumina MiSeq","ERP113625","T2F64","ERR3141546",49957,50356,36399,21300,634
"ERR3141547","AMPLICON",502,86153240,"PRJEB31110","SAMEA5320208",51451511,"TEAGASC FOOD RESEARCH CENTRE","10/19/2016","public","fastq,run.zq,sra","ena,gs,ncbi,s3","ena,gs.us-east1,ncbi.public,s3.us-east-1","2/20/2019",2019-02-20 17:03:20,"2/10/2019",2019-02-06 12:31:40,"Food Processing","Dairy Processing","Bulk Tank Milk","ERX3170513","SAMEA5320208","Ireland","Europe","Ireland","52.1636? N","8.2629? W","TEAGASC FOOD RESEARCH CENTRE",2019-02-20 17:03:20,2019-02-06 12:31:40,"public","Illumina MiSeq","metagenome","Farm Milk to Milk Powder 16S","PAIRED","PCR","METAGENOMIC","miscellaneous natural or artificial environment","food metagenome","ILLUMINA","farm to powder",2019-02-21,2019-02-23 10:50:00,1,"SAMEA5320208","T2F65","food metagenome","Illumina MiSeq","ERP113625","T2F65","ERR3141547",100477,101842,79575,36158,1429
"ERR3141548","AMPLICON",502,88028712,"PRJEB31110","SAMEA5320209",52889670,"TEAGASC FOOD RESEARCH CENTRE","10/19/2016","public","fastq,run.zq,sra","ena,gs,ncbi,s3","ena,gs.us-east1,ncbi.public,s3.us-east-1","2/20/2019",2019-02-20 17:03:20,"2/10/2019",2019-02-06 12:31:40,"Food Processing","Dairy Processing","Bulk Tank Milk","ERX3170514","SAMEA5320209","Ireland","Europe","Ireland","52.1636? N","8.2629? W","TEAGASC FOOD RESEARCH CENTRE",2019-02-20 17:03:20,2019-02-06 12:31:40,"public","Illumina MiSeq","metagenome","Farm Milk to Milk Powder 16S","PAIRED","PCR","METAGENOMIC","miscellaneous natural or artificial environment","food metagenome","ILLUMINA","farm to powder",2019-02-21,2019-02-23 10:50:00,1,"SAMEA5320209","T2F66","food metagenome","Illumina MiSeq","ERP113625","T2F66","ERR3141548",100487,101618,79100,39312,1500
"ERR3141549","AMPLICON",502,99567684,"PRJEB31110","SAMEA5320210",59520742,"TEAGASC FOOD RESEARCH CENTRE","10/19/2016","public","fastq,run.zq,sra","ena,gs,ncbi,s3","ena,gs.us-east1,ncbi.public,s3.us-east-1","2/20/2019",2019-02-20 17:03:20,"2/10/2019",2019-02-06 12:31:40,"Food Processing","Dairy Processing","Bulk Tank Milk","ERX3170515","SAMEA5320210","Ireland","Europe","Ireland","52.1636? N","8.2629? W","TEAGASC FOOD RESEARCH CENTRE",2019-02-20 17:03:20,2019-02-06 12:31:40,"public","Illumina MiSeq","metagenome","Farm Milk to Milk Powder 16S","PAIRED","PCR","METAGENOMIC","miscellaneous natural or artificial environment","food metagenome","ILLUMINA","farm to powder",2019-02-21,2019-02-23 10:50:00,1,"SAMEA5320210","T2F67","food metagenome","Illumina MiSeq","ERP113625","T2F67","ERR3141549",115688,117008,92219,43828,1385
"ERR3141550","AMPLICON",502,84402264,"PRJEB31110","SAMEA5320211",49983138,"TEAGASC FOOD RESEARCH CENTRE","10/19/2016","public","fastq,run.zq,sra","ena,gs,ncbi,s3","ena,gs.us-east1,ncbi.public,s3.us-east-1","2/20/2019",2019-02-20 17:03:20,"2/10/2019",2019-02-06 12:31:40,"Food Processing","Dairy Processing","Bulk Tank Milk","ERX3170516","SAMEA5320211","Ireland","Europe","Ireland","52.1636? N","8.2629? W","TEAGASC FOOD RESEARCH CENTRE",2019-02-20 17:03:20,2019-02-06 12:31:40,"public","Illumina MiSeq","metagenome","Farm Milk to Milk Powder 16S","PAIRED","PCR","METAGENOMIC","miscellaneous natural or artificial environment","food metagenome","ILLUMINA","farm to powder",2019-02-21,2019-02-23 10:50:00,1,"SAMEA5320211","T2F7","food metagenome","Illumina MiSeq","ERP113625","T2F7","ERR3141550",108971,109305,102086,50516,387
"ERR3141551","AMPLICON",502,61297212,"PRJEB31110","SAMEA5320212",36867660,"TEAGASC FOOD RESEARCH CENTRE","10/19/2016","public","fastq,run.zq,sra","ena,gs,ncbi,s3","ena,gs.us-east1,ncbi.public,s3.us-east-1","2/20/2019",2019-02-20 17:03:20,"2/10/2019",2019-02-06 12:31:40,"Food Processing","Dairy Processing","Bulk Tank Milk","ERX3170517","SAMEA5320212","Ireland","Europe","Ireland","52.1636? N","8.2629? W","TEAGASC FOOD RESEARCH CENTRE",2019-02-20 17:03:20,2019-02-06 12:31:40,"public","Illumina MiSeq","metagenome","Farm Milk to Milk Powder 16S","PAIRED","PCR","METAGENOMIC","miscellaneous natural or artificial environment","food metagenome","ILLUMINA","farm to powder",2019-02-21,2019-02-23 10:50:00,1,"SAMEA5320212","T2F8","food metagenome","Illumina MiSeq","ERP113625","T2F8","ERR3141551",71985,72017,60445,28562,636
"ERR3141552","AMPLICON",502,69136444,"PRJEB31110","SAMEA5320213",40970936,"TEAGASC FOOD RESEARCH CENTRE","10/19/2016","public","fastq,run.zq,sra","ena,gs,ncbi,s3","ena,gs.us-east1,ncbi.public,s3.us-east-1","2/20/2019",2019-02-20 17:03:20,"2/10/2019",2019-02-06 12:31:40,"Food Processing","Dairy Processing","Bulk Tank Milk","ERX3170518","SAMEA5320213","Ireland","Europe","Ireland","52.1636? N","8.2629? W","TEAGASC FOOD RESEARCH CENTRE",2019-02-20 17:03:20,2019-02-06 12:31:40,"public","Illumina MiSeq","metagenome","Farm Milk to Milk Powder 16S","PAIRED","PCR","METAGENOMIC","miscellaneous natural or artificial environment","food metagenome","ILLUMINA","farm to powder",2019-02-21,2019-02-23 10:50:00,1,"SAMEA5320213","T2F9","food metagenome","Illumina MiSeq","ERP113625","T2F9","ERR3141552",87023,87279,80315,35841,585
"ERR3141553","AMPLICON",502,80012274,"PRJEB31110","SAMEA5320214",47578905,"TEAGASC FOOD RESEARCH CENTRE","12/15/2016","public","fastq,run.zq,sra","ena,gs,ncbi,s3","ena,gs.us-east1,ncbi.public,s3.us-east-1","2/20/2019",2019-02-20 17:03:20,"2/10/2019",2019-02-06 12:31:40,"Food Processing","Dairy Processing","Cream Silo","ERX3170519","SAMEA5320214","Ireland","Europe","Ireland","52.1636? N","8.2629? W","TEAGASC FOOD RESEARCH CENTRE",2019-02-20 17:03:20,2019-02-06 12:31:40,"public","Illumina MiSeq","metagenome","Farm Milk to Milk Powder 16S","PAIRED","PCR","METAGENOMIC","miscellaneous natural or artificial environment","food metagenome","ILLUMINA","farm to powder",2019-02-21,2019-02-23 10:50:00,1,"SAMEA5320214","T3Cre1","food metagenome","Illumina MiSeq","ERP113625","T3Cre1","ERR3141553",98805,99004,88704,72707,499
"ERR3141554","AMPLICON",502,38637936,"PRJEB31110","SAMEA5320215",23085366,"TEAGASC FOOD RESEARCH CENTRE","12/15/2016","public","fastq,run.zq,sra","ena,gs,ncbi,s3","ena,gs.us-east1,ncbi.public,s3.us-east-1","2/20/2019",2019-02-20 17:03:20,"2/10/2019",2019-02-06 12:31:40,"Food Processing","Dairy Processing","Collection Tanker Milk","ERX3170520","SAMEA5320215","Ireland","Europe","Ireland","52.1636? N","8.2629? W","TEAGASC FOOD RESEARCH CENTRE",2019-02-20 17:03:20,2019-02-06 12:31:40,"public","Illumina MiSeq","metagenome","Farm Milk to Milk Powder 16S","PAIRED","PCR","METAGENOMIC","miscellaneous natural or artificial environment","food metagenome","ILLUMINA","farm to powder",2019-02-21,2019-02-23 10:50:00,1,"SAMEA5320215","T3L1","food metagenome","Illumina MiSeq","ERP113625","T3L1","ERR3141554",47516,47488,44790,35084,131
"ERR3141555","AMPLICON",502,144963042,"PRJEB31110","SAMEA5320216",83762374,"TEAGASC FOOD RESEARCH CENTRE","12/15/2016","public","fastq,run.zq,sra","ena,gs,ncbi,s3","ena,gs.us-east1,ncbi.public,s3.us-east-1","2/20/2019",2019-02-20 17:03:20,"2/10/2019",2019-02-06 12:31:40,"Food Processing","Dairy Processing","Collection Tanker Milk","ERX3170521","SAMEA5320216","Ireland","Europe","Ireland","52.1636? N","8.2629? W","TEAGASC FOOD RESEARCH CENTRE",2019-02-20 17:03:20,2019-02-06 12:31:40,"public","Illumina MiSeq","metagenome","Farm Milk to Milk Powder 16S","PAIRED","PCR","METAGENOMIC","miscellaneous natural or artificial environment","food metagenome","ILLUMINA","farm to powder",2019-02-21,2019-02-23 10:50:00,1,"SAMEA5320216","T3L10","food metagenome","Illumina MiSeq","ERP113625","T3L10","ERR3141555",199083,199207,186779,140328,628
"ERR3141556","AMPLICON",502,45687522,"PRJEB31110","SAMEA5320217",27707969,"TEAGASC FOOD RESEARCH CENTRE","12/15/2016","public","fastq,run.zq,sra","ena,gs,ncbi,s3","ena,gs.us-east1,ncbi.public,s3.us-east-1","2/20/2019",2019-02-20 17:03:20,"2/10/2019",2019-02-06 12:31:40,"Food Processing","Dairy Processing","Collection Tanker Milk","ERX3170522","SAMEA5320217","Ireland","Europe","Ireland","52.1636? N","8.2629? W","TEAGASC FOOD RESEARCH CENTRE",2019-02-20 17:03:20,2019-02-06 12:31:40,"public","Illumina MiSeq","metagenome","Farm Milk to Milk Powder 16S","PAIRED","PCR","METAGENOMIC","miscellaneous natural or artificial environment","food metagenome","ILLUMINA","farm to powder",2019-02-21,2019-02-23 10:50:00,1,"SAMEA5320217","T3L11","food metagenome","Illumina MiSeq","ERP113625","T3L11","ERR3141556",51073,51004,42637,34925,361
"ERR3141557","AMPLICON",502,80452026,"PRJEB31110","SAMEA5320218",45109190,"TEAGASC FOOD RESEARCH CENTRE","12/15/2016","public","fastq,run.zq,sra","ena,gs,ncbi,s3","ena,gs.us-east1,ncbi.public,s3.us-east-1","2/20/2019",2019-02-20 17:03:20,"2/9/2019",2019-02-06 12:31:40,"Food Processing","Dairy Processing","Collection Tanker Milk","ERX3170523","SAMEA5320218","Ireland","Europe","Ireland","52.1636? N","8.2629? W","TEAGASC FOOD RESEARCH CENTRE",2019-02-20 17:03:20,2019-02-06 12:31:40,"public","Illumina MiSeq","metagenome","Farm Milk to Milk Powder 16S","PAIRED","PCR","METAGENOMIC","miscellaneous natural or artificial environment","food metagenome","ILLUMINA","farm to powder",2019-02-21,2019-02-23 10:50:00,1,"SAMEA5320218","T3L2","food metagenome","Illumina MiSeq","ERP113625","T3L2","ERR3141557",118601,118644,115424,96086,179
"ERR3141558","AMPLICON",502,82999676,"PRJEB31110","SAMEA5320219",47798234,"TEAGASC FOOD RESEARCH CENTRE","12/15/2016","public","fastq,run.zq,sra","ena,gs,ncbi,s3","ena,gs.us-east1,ncbi.public,s3.us-east-1","2/20/2019",2019-02-20 17:03:20,"2/9/2019",2019-02-06 12:31:40,"Food Processing","Dairy Processing","Collection Tanker Milk","ERX3170524","SAMEA5320219","Ireland","Europe","Ireland","52.1636? N","8.2629? W","TEAGASC FOOD RESEARCH CENTRE",2019-02-20 17:03:20,2019-02-06 12:31:40,"public","Illumina MiSeq","metagenome","Farm Milk to Milk Powder 16S","PAIRED","PCR","METAGENOMIC","miscellaneous natural or artificial environment","food metagenome","ILLUMINA","farm to powder",2019-02-21,2019-02-23 10:50:00,1,"SAMEA5320219","T3L3","food metagenome","Illumina MiSeq","ERP113625","T3L3","ERR3141558",112150,112389,102316,85420,508
"ERR3141559","AMPLICON",502,120607508,"PRJEB31110","SAMEA5320220",70930770,"TEAGASC FOOD RESEARCH CENTRE","12/15/2016","public","fastq,run.zq,sra","ena,gs,ncbi,s3","ena,gs.us-east1,ncbi.public,s3.us-east-1","2/20/2019",2019-02-20 17:03:20,"2/9/2019",2019-02-06 12:31:40,"Food Processing","Dairy Processing","Collection Tanker Milk","ERX3170525","SAMEA5320220","Ireland","Europe","Ireland","52.1636? N","8.2629? W","TEAGASC FOOD RESEARCH CENTRE",2019-02-20 17:03:20,2019-02-06 12:31:40,"public","Illumina MiSeq","metagenome","Farm Milk to Milk Powder 16S","PAIRED","PCR","METAGENOMIC","miscellaneous natural or artificial environment","food metagenome","ILLUMINA","farm to powder",2019-02-21,2019-02-23 10:51:00,1,"SAMEA5320220","T3L4","food metagenome","Illumina MiSeq","ERP113625","T3L4","ERR3141559",153175,153933,132127,88343,1089
"ERR3141560","AMPLICON",502,40635394,"PRJEB31110","SAMEA5320221",24754268,"TEAGASC FOOD RESEARCH CENTRE","12/15/2016","public","fastq,run.zq,sra","ena,gs,ncbi,s3","ena,gs.us-east1,ncbi.public,s3.us-east-1","2/20/2019",2019-02-20 17:03:20,"2/9/2019",2019-02-06 12:31:40,"Food Processing","Dairy Processing","Collection Tanker Milk","ERX3170526","SAMEA5320221","Ireland","Europe","Ireland","52.1636? N","8.2629? W","TEAGASC FOOD RESEARCH CENTRE",2019-02-20 17:03:20,2019-02-06 12:31:40,"public","Illumina MiSeq","metagenome","Farm Milk to Milk Powder 16S","PAIRED","PCR","METAGENOMIC","miscellaneous natural or artificial environment","food metagenome","ILLUMINA","farm to powder",2019-02-21,2019-02-23 10:50:00,1,"SAMEA5320221","T3L5","food metagenome","Illumina MiSeq","ERP113625","T3L5","ERR3141560",43654,43626,36340,28731,325
"ERR3141561","AMPLICON",502,111795902,"PRJEB31110","SAMEA5320222",64519978,"TEAGASC FOOD RESEARCH CENTRE","12/15/2016","public","fastq,run.zq,sra","ena,gs,ncbi,s3","ena,gs.us-east1,ncbi.public,s3.us-east-1","2/20/2019",2019-02-20 17:03:20,"2/9/2019",2019-02-06 12:31:40,"Food Processing","Dairy Processing","Collection Tanker Milk","ERX3170527","SAMEA5320222","Ireland","Europe","Ireland","52.1636? N","8.2629? W","TEAGASC FOOD RESEARCH CENTRE",2019-02-20 17:03:20,2019-02-06 12:31:40,"public","Illumina MiSeq","metagenome","Farm Milk to Milk Powder 16S","PAIRED","PCR","METAGENOMIC","miscellaneous natural or artificial environment","food metagenome","ILLUMINA","farm to powder",2019-02-21,2019-02-23 10:51:00,1,"SAMEA5320222","T3L6","food metagenome","Illumina MiSeq","ERP113625","T3L6","ERR3141561",157960,158509,150902,122860,273
"ERR3141562","AMPLICON",502,82236636,"PRJEB31110","SAMEA5320223",48000592,"TEAGASC FOOD RESEARCH CENTRE","12/15/2016","public","fastq,run.zq,sra","ena,gs,ncbi,s3","ena,gs.us-east1,ncbi.public,s3.us-east-1","2/20/2019",2019-02-20 17:03:20,"2/9/2019",2019-02-06 12:31:40,"Food Processing","Dairy Processing","Collection Tanker Milk","ERX3170528","SAMEA5320223","Ireland","Europe","Ireland","52.1636? N","8.2629? W","TEAGASC FOOD RESEARCH CENTRE",2019-02-20 17:03:20,2019-02-06 12:31:40,"public","Illumina MiSeq","metagenome","Farm Milk to Milk Powder 16S","PAIRED","PCR","METAGENOMIC","miscellaneous natural or artificial environment","food metagenome","ILLUMINA","farm to powder",2019-02-21,2019-02-23 10:51:00,1,"SAMEA5320223","T3L7","food metagenome","Illumina MiSeq","ERP113625","T3L7","ERR3141562",106463,107108,90562,67534,848
"ERR3141563","AMPLICON",502,89436822,"PRJEB31110","SAMEA5320224",52726908,"TEAGASC FOOD RESEARCH CENTRE","12/15/2016","public","fastq,run.zq,sra","ena,gs,ncbi,s3","ena,gs.us-east1,ncbi.public,s3.us-east-1","2/20/2019",2019-02-20 17:03:20,"2/9/2019",2019-02-06 12:31:40,"Food Processing","Dairy Processing","Collection Tanker Milk","ERX3170529","SAMEA5320224","Ireland","Europe","Ireland","52.1636? N","8.2629? W","TEAGASC FOOD RESEARCH CENTRE",2019-02-20 17:03:20,2019-02-06 12:31:40,"public","Illumina MiSeq","metagenome","Farm Milk to Milk Powder 16S","PAIRED","PCR","METAGENOMIC","miscellaneous natural or artificial environment","food metagenome","ILLUMINA","farm to powder",2019-02-21,2019-02-23 10:51:00,1,"SAMEA5320224","T3L8","food metagenome","Illumina MiSeq","ERP113625","T3L8","ERR3141563",114451,115057,100401,76721,843
"ERR3141564","AMPLICON",502,112719080,"PRJEB31110","SAMEA5320225",65844492,"TEAGASC FOOD RESEARCH CENTRE","12/15/2016","public","fastq,run.zq,sra","ena,gs,ncbi,s3","ena,gs.us-east1,ncbi.public,s3.us-east-1","2/20/2019",2019-02-20 17:03:20,"2/9/2019",2019-02-06 12:31:40,"Food Processing","Dairy Processing","Collection Tanker Milk","ERX3170530","SAMEA5320225","Ireland","Europe","Ireland","52.1636? N","8.2629? W","TEAGASC FOOD RESEARCH CENTRE",2019-02-20 17:03:20,2019-02-06 12:31:40,"public","Illumina MiSeq","metagenome","Farm Milk to Milk Powder 16S","PAIRED","PCR","METAGENOMIC","miscellaneous natural or artificial environment","food metagenome","ILLUMINA","farm to powder",2019-02-21,2019-02-23 10:51:00,1,"SAMEA5320225","T3L9","food metagenome","Illumina MiSeq","ERP113625","T3L9","ERR3141564",149486,150013,136268,106514,786
"ERR3141565","AMPLICON",502,83634204,"PRJEB31110","SAMEA5320226",50007734,"TEAGASC FOOD RESEARCH CENTRE","1/15/2017","public","fastq,run.zq,sra","ena,gs,ncbi,s3","ena,gs.us-east1,ncbi.public,s3.us-east-1","2/20/2019",2019-02-20 17:03:20,"2/9/2019",2019-02-06 12:31:40,"Food Processing","Dairy Processing","Skimmed Milk Powder","ERX3170531","SAMEA5320226","Ireland","Europe","Ireland","52.1636? N","8.2629? W","TEAGASC FOOD RESEARCH CENTRE",2019-02-20 17:03:20,2019-02-06 12:31:40,"public","Illumina MiSeq","metagenome","Farm Milk to Milk Powder 16S","PAIRED","PCR","METAGENOMIC","miscellaneous natural or artificial environment","food metagenome","ILLUMINA","farm to powder",2019-02-21,2019-02-23 10:51:00,1,"SAMEA5320226","T3MeP1A","food metagenome","Illumina MiSeq","ERP113625","T3MeP1A","ERR3141565",97346,97580,88567,74480,445
"ERR3141566","AMPLICON",502,90143638,"PRJEB31110","SAMEA5320227",52927588,"TEAGASC FOOD RESEARCH CENTRE","1/15/2017","public","fastq,run.zq,sra","ena,gs,ncbi,s3","ena,gs.us-east1,ncbi.public,s3.us-east-1","2/20/2019",2019-02-20 17:03:20,"2/9/2019",2019-02-06 12:31:40,"Food Processing","Dairy Processing","Skimmed Milk Powder","ERX3170532","SAMEA5320227","Ireland","Europe","Ireland","52.1636? N","8.2629? W","TEAGASC FOOD RESEARCH CENTRE",2019-02-20 17:03:20,2019-02-06 12:31:40,"public","Illumina MiSeq","metagenome","Farm Milk to Milk Powder 16S","PAIRED","PCR","METAGENOMIC","miscellaneous natural or artificial environment","food metagenome","ILLUMINA","farm to powder",2019-02-21,2019-02-23 10:51:00,1,"SAMEA5320227","T3MeP1B","food metagenome","Illumina MiSeq","ERP113625","T3MeP1B","ERR3141566",115924,116341,107517,88670,445
"ERR3141567","AMPLICON",502,57316352,"PRJEB31110","SAMEA5320228",33456542,"TEAGASC FOOD RESEARCH CENTRE","1/15/2017","public","fastq,run.zq,sra","ena,gs,ncbi,s3","ena,gs.us-east1,ncbi.public,s3.us-east-1","2/20/2019",2019-02-20 17:03:20,"2/9/2019",2019-02-06 12:31:40,"Food Processing","Dairy Processing","Skimmed Milk Powder","ERX3170533","SAMEA5320228","Ireland","Europe","Ireland","52.1636? N","8.2629? W","TEAGASC FOOD RESEARCH CENTRE",2019-02-20 17:03:20,2019-02-06 12:31:40,"public","Illumina MiSeq","metagenome","Farm Milk to Milk Powder 16S","PAIRED","PCR","METAGENOMIC","miscellaneous natural or artificial environment","food metagenome","ILLUMINA","farm to powder",2019-02-21,2019-02-23 10:51:00,1,"SAMEA5320228","T3MeP1C","food metagenome","Illumina MiSeq","ERP113625","T3MeP1C","ERR3141567",73636,73619,67303,56582,333
"ERR3141568","AMPLICON",502,76814032,"PRJEB31110","SAMEA5320229",45189735,"TEAGASC FOOD RESEARCH CENTRE","1/15/2017","public","fastq,run.zq,sra","ena,gs,ncbi,s3","ena,gs.us-east1,ncbi.public,s3.us-east-1","2/20/2019",2019-02-20 17:03:20,"2/9/2019",2019-02-06 12:31:40,"Food Processing","Dairy Processing","Skimmed Milk Powder","ERX3170534","SAMEA5320229","Ireland","Europe","Ireland","52.1636? N","8.2629? W","TEAGASC FOOD RESEARCH CENTRE",2019-02-20 17:03:20,2019-02-06 12:31:40,"public","Illumina MiSeq","metagenome","Farm Milk to Milk Powder 16S","PAIRED","PCR","METAGENOMIC","miscellaneous natural or artificial environment","food metagenome","ILLUMINA","farm to powder",2019-02-21,2019-02-23 10:51:00,1,"SAMEA5320229","T3MeP2A","food metagenome","Illumina MiSeq","ERP113625","T3MeP2A","ERR3141568",97742,97897,89659,72349,403
"ERR3141569","AMPLICON",502,116829958,"PRJEB31110","SAMEA5320230",68816139,"TEAGASC FOOD RESEARCH CENTRE","1/15/2017","public","fastq,run.zq,sra","ena,gs,ncbi,s3","ena,gs.us-east1,ncbi.public,s3.us-east-1","2/20/2019",2019-02-20 17:03:20,"2/9/2019",2019-02-06 12:31:40,"Food Processing","Dairy Processing","Skimmed Milk Powder","ERX3170535","SAMEA5320230","Ireland","Europe","Ireland","52.1636? N","8.2629? W","TEAGASC FOOD RESEARCH CENTRE",2019-02-20 17:03:20,2019-02-06 12:31:40,"public","Illumina MiSeq","metagenome","Farm Milk to Milk Powder 16S","PAIRED","PCR","METAGENOMIC","miscellaneous natural or artificial environment","food metagenome","ILLUMINA","farm to powder",2019-02-21,2019-02-23 10:51:00,1,"SAMEA5320230","T3MeP2B","food metagenome","Illumina MiSeq","ERP113625","T3MeP2B","ERR3141569",149052,149527,135875,103354,531
"ERR3141570","AMPLICON",502,127036622,"PRJEB31110","SAMEA5320231",74512798,"TEAGASC FOOD RESEARCH CENTRE","1/15/2017","public","fastq,run.zq,sra","ena,gs,ncbi,s3","ena,gs.us-east1,ncbi.public,s3.us-east-1","2/20/2019",2019-02-20 17:03:20,"2/9/2019",2019-02-06 12:31:40,"Food Processing","Dairy Processing","Skimmed Milk Powder","ERX3170536","SAMEA5320231","Ireland","Europe","Ireland","52.1636? N","8.2629? W","TEAGASC FOOD RESEARCH CENTRE",2019-02-20 17:03:20,2019-02-06 12:31:40,"public","Illumina MiSeq","metagenome","Farm Milk to Milk Powder 16S","PAIRED","PCR","METAGENOMIC","miscellaneous natural or artificial environment","food metagenome","ILLUMINA","farm to powder",2019-02-21,2019-02-23 10:51:00,1,"SAMEA5320231","T3MeP2C","food metagenome","Illumina MiSeq","ERP113625","T3MeP2C","ERR3141570",170152,170459,156761,124916,633
"ERR3141571","AMPLICON",502,85723026,"PRJEB31110","SAMEA5320232",50102282,"TEAGASC FOOD RESEARCH CENTRE","1/15/2017","public","fastq,run.zq,sra","ena,gs,ncbi,s3","ena,gs.us-east1,ncbi.public,s3.us-east-1","2/20/2019",2019-02-20 17:03:20,"2/9/2019",2019-02-06 12:31:40,"Food Processing","Dairy Processing","Skimmed Milk Powder","ERX3170537","SAMEA5320232","Ireland","Europe","Ireland","52.1636? N","8.2629? W","TEAGASC FOOD RESEARCH CENTRE",2019-02-20 17:03:20,2019-02-06 12:31:40,"public","Illumina MiSeq","metagenome","Farm Milk to Milk Powder 16S","PAIRED","PCR","METAGENOMIC","miscellaneous natural or artificial environment","food metagenome","ILLUMINA","farm to powder",2019-02-21,2019-02-23 10:51:00,1,"SAMEA5320232","T3MeP3A","food metagenome","Illumina MiSeq","ERP113625","T3MeP3A","ERR3141571",114541,114750,106660,88148,446
"ERR3141572","AMPLICON",502,112495188,"PRJEB31110","SAMEA5320233",65484251,"TEAGASC FOOD RESEARCH CENTRE","1/15/2017","public","fastq,run.zq,sra","ena,gs,ncbi,s3","ena,gs.us-east1,ncbi.public,s3.us-east-1","2/20/2019",2019-02-20 17:03:20,"2/9/2019",2019-02-06 12:31:40,"Food Processing","Dairy Processing","Skimmed Milk Powder","ERX3170538","SAMEA5320233","Ireland","Europe","Ireland","52.1636? N","8.2629? W","TEAGASC FOOD RESEARCH CENTRE",2019-02-20 17:03:20,2019-02-06 12:31:40,"public","Illumina MiSeq","metagenome","Farm Milk to Milk Powder 16S","PAIRED","PCR","METAGENOMIC","miscellaneous natural or artificial environment","food metagenome","ILLUMINA","farm to powder",2019-02-21,2019-02-23 10:51:00,1,"SAMEA5320233","T3MeP3B","food metagenome","Illumina MiSeq","ERP113625","T3MeP3B","ERR3141572",152209,152451,142453,115550,522
"ERR3141573","AMPLICON",502,51447470,"PRJEB31110","SAMEA5320234",31099637,"TEAGASC FOOD RESEARCH CENTRE","1/15/2017","public","fastq,run.zq,sra","ena,gs,ncbi,s3","ena,gs.us-east1,ncbi.public,s3.us-east-1","2/20/2019",2019-02-20 17:03:20,"2/9/2019",2019-02-06 12:31:40,"Food Processing","Dairy Processing","Skimmed Milk Powder","ERX3170539","SAMEA5320234","Ireland","Europe","Ireland","52.1636? N","8.2629? W","TEAGASC FOOD RESEARCH CENTRE",2019-02-20 17:03:20,2019-02-06 12:31:40,"public","Illumina MiSeq","metagenome","Farm Milk to Milk Powder 16S","PAIRED","PCR","METAGENOMIC","miscellaneous natural or artificial environment","food metagenome","ILLUMINA","farm to powder",2019-02-21,2019-02-23 10:51:00,1,"SAMEA5320234","T3MeP3C","food metagenome","Illumina MiSeq","ERP113625","T3MeP3C","ERR3141573",58344,58593,52714,45169,269
"ERR3141574","AMPLICON",502,74798000,"PRJEB31110","SAMEA5320235",43648353,"TEAGASC FOOD RESEARCH CENTRE","12/15/2016","public","fastq,run.zq,sra","ena,gs,ncbi,s3","ena,gs.us-east1,ncbi.public,s3.us-east-1","2/20/2019",2019-02-20 17:03:20,"2/9/2019",2019-02-06 12:31:40,"Food Processing","Dairy Processing","Skimmed Milk Silo","ERX3170540","SAMEA5320235","Ireland","Europe","Ireland","52.1636? N","8.2629? W","TEAGASC FOOD RESEARCH CENTRE",2019-02-20 17:03:20,2019-02-06 12:31:40,"public","Illumina MiSeq","metagenome","Farm Milk to Milk Powder 16S","PAIRED","PCR","METAGENOMIC","miscellaneous natural or artificial environment","food metagenome","ILLUMINA","farm to powder",2019-02-21,2019-02-23 10:51:00,1,"SAMEA5320235","T3SMS1A","food metagenome","Illumina MiSeq","ERP113625","T3SMS1A","ERR3141574",99168,99083,93172,76415,343
"ERR3141575","AMPLICON",502,51350584,"PRJEB31110","SAMEA5320236",30140465,"TEAGASC FOOD RESEARCH CENTRE","12/15/2016","public","fastq,run.zq,sra","ena,gs,ncbi,s3","ena,gs.us-east1,ncbi.public,s3.us-east-1","2/20/2019",2019-02-20 17:03:20,"2/9/2019",2019-02-06 12:31:40,"Food Processing","Dairy Processing","Skimmed Milk Silo","ERX3170541","SAMEA5320236","Ireland","Europe","Ireland","52.1636? N","8.2629? W","TEAGASC FOOD RESEARCH CENTRE",2019-02-20 17:03:20,2019-02-06 12:31:40,"public","Illumina MiSeq","metagenome","Farm Milk to Milk Powder 16S","PAIRED","PCR","METAGENOMIC","miscellaneous natural or artificial environment","food metagenome","ILLUMINA","farm to powder",2019-02-21,2019-02-23 10:51:00,1,"SAMEA5320236","T3SMS1B","food metagenome","Illumina MiSeq","ERP113625","T3SMS1B","ERR3141575",67684,67788,63276,52429,271
"ERR3141576","AMPLICON",502,76644356,"PRJEB31110","SAMEA5320237",45648298,"TEAGASC FOOD RESEARCH CENTRE","12/15/2016","public","fastq,run.zq,sra","ena,gs,ncbi,s3","ena,gs.us-east1,ncbi.public,s3.us-east-1","2/20/2019",2019-02-20 17:03:20,"2/9/2019",2019-02-06 12:31:40,"Food Processing","Dairy Processing","Whole Milk Silo","ERX3170542","SAMEA5320237","Ireland","Europe","Ireland","52.1636? N","8.2629? W","TEAGASC FOOD RESEARCH CENTRE",2019-02-20 17:03:20,2019-02-06 12:31:40,"public","Illumina MiSeq","metagenome","Farm Milk to Milk Powder 16S","PAIRED","PCR","METAGENOMIC","miscellaneous natural or artificial environment","food metagenome","ILLUMINA","farm to powder",2019-02-21,2019-02-23 10:52:00,1,"SAMEA5320237","T3WMS1A","food metagenome","Illumina MiSeq","ERP113625","T3WMS1A","ERR3141576",100624,100502,95426,79750,234
"ERR3141577","AMPLICON",502,90787704,"PRJEB31110","SAMEA5320238",51721355,"TEAGASC FOOD RESEARCH CENTRE","12/15/2016","public","fastq,run.zq,sra","ena,gs,ncbi,s3","ena,gs.us-east1,ncbi.public,s3.us-east-1","2/20/2019",2019-02-20 17:03:20,"2/9/2019",2019-02-06 12:31:40,"Food Processing","Dairy Processing","Whole Milk Silo","ERX3170543","SAMEA5320238","Ireland","Europe","Ireland","52.1636? N","8.2629? W","TEAGASC FOOD RESEARCH CENTRE",2019-02-20 17:03:20,2019-02-06 12:31:40,"public","Illumina MiSeq","metagenome","Farm Milk to Milk Powder 16S","PAIRED","PCR","METAGENOMIC","miscellaneous natural or artificial environment","food metagenome","ILLUMINA","farm to powder",2019-02-21,2019-02-23 10:52:00,1,"SAMEA5320238","T3WMS1B","food metagenome","Illumina MiSeq","ERP113625","T3WMS1B","ERR3141577",129006,128789,122121,101347,327
